Synthese_eval_sanit,n,date
A améliorer,52,2017-04-03
A corriger de manière urgente,6,2017-04-03
Satisfaisant,150,2017-04-03
Très satisfaisant,1498,2017-04-03
A améliorer,116,2017-04-10
A corriger de manière urgente,8,2017-04-10
Satisfaisant,466,2017-04-10
Très satisfaisant,1946,2017-04-10
A améliorer,113,2017-04-11
A corriger de manière urgente,8,2017-04-11
Satisfaisant,478,2017-04-11
Très satisfaisant,2018,2017-04-11
A améliorer,127,2017-04-12
A corriger de manière urgente,8,2017-04-12
Satisfaisant,523,2017-04-12
Très satisfaisant,2088,2017-04-12
A améliorer,160,2017-04-13
A corriger de manière urgente,10,2017-04-13
Satisfaisant,649,2017-04-13
Très satisfaisant,2155,2017-04-13
A améliorer,161,2017-04-14
A corriger de manière urgente,9,2017-04-14
Satisfaisant,654,2017-04-14
Très satisfaisant,2232,2017-04-14
A améliorer,178,2017-04-15
A corriger de manière urgente,10,2017-04-15
Satisfaisant,702,2017-04-15
Très satisfaisant,2232,2017-04-15
A améliorer,178,2017-04-16
A corriger de manière urgente,9,2017-04-16
Satisfaisant,709,2017-04-16
Très satisfaisant,2312,2017-04-16
A améliorer,178,2017-04-17
A corriger de manière urgente,9,2017-04-17
Satisfaisant,709,2017-04-17
Très satisfaisant,2312,2017-04-17
A améliorer,202,2017-04-18
A corriger de manière urgente,11,2017-04-18
Satisfaisant,769,2017-04-18
Très satisfaisant,2312,2017-04-18
A améliorer,210,2017-04-19
A corriger de manière urgente,13,2017-04-19
Satisfaisant,826,2017-04-19
Très satisfaisant,2387,2017-04-19
A améliorer,217,2017-04-20
A corriger de manière urgente,15,2017-04-20
Satisfaisant,889,2017-04-20
Très satisfaisant,2446,2017-04-20
A améliorer,235,2017-04-21
A corriger de manière urgente,15,2017-04-21
Satisfaisant,974,2017-04-21
Très satisfaisant,2505,2017-04-21
A améliorer,258,2017-04-22
A corriger de manière urgente,18,2017-04-22
Satisfaisant,1056,2017-04-22
Très satisfaisant,2505,2017-04-22
A améliorer,256,2017-04-23
A corriger de manière urgente,17,2017-04-23
Satisfaisant,1061,2017-04-23
Très satisfaisant,2587,2017-04-23
A améliorer,256,2017-04-24
A corriger de manière urgente,17,2017-04-24
Satisfaisant,1061,2017-04-24
Très satisfaisant,2587,2017-04-24
A améliorer,272,2017-04-25
A corriger de manière urgente,17,2017-04-25
Satisfaisant,1136,2017-04-25
Très satisfaisant,2648,2017-04-25
A améliorer,280,2017-04-26
A corriger de manière urgente,17,2017-04-26
Satisfaisant,1211,2017-04-26
Très satisfaisant,2810,2017-04-26
A améliorer,292,2017-04-27
A corriger de manière urgente,18,2017-04-27
Satisfaisant,1276,2017-04-27
Très satisfaisant,2871,2017-04-27
A améliorer,316,2017-04-28
A corriger de manière urgente,20,2017-04-28
Satisfaisant,1356,2017-04-28
Très satisfaisant,2944,2017-04-28
A améliorer,339,2017-04-29
A corriger de manière urgente,21,2017-04-29
Satisfaisant,1429,2017-04-29
Très satisfaisant,2944,2017-04-29
A améliorer,335,2017-04-30
A corriger de manière urgente,21,2017-04-30
Satisfaisant,1432,2017-04-30
Très satisfaisant,3024,2017-04-30
A améliorer,335,2017-05-01
A corriger de manière urgente,21,2017-05-01
Satisfaisant,1432,2017-05-01
Très satisfaisant,3024,2017-05-01
A améliorer,345,2017-05-02
A corriger de manière urgente,22,2017-05-02
Satisfaisant,1490,2017-05-02
Très satisfaisant,3024,2017-05-02
A améliorer,356,2017-05-03
A corriger de manière urgente,21,2017-05-03
Satisfaisant,1565,2017-05-03
Très satisfaisant,3125,2017-05-03
A améliorer,361,2017-05-04
A corriger de manière urgente,22,2017-05-04
Satisfaisant,1642,2017-05-04
Très satisfaisant,3206,2017-05-04
A améliorer,378,2017-05-05
A corriger de manière urgente,25,2017-05-05
Satisfaisant,1721,2017-05-05
Très satisfaisant,3301,2017-05-05
A améliorer,395,2017-05-06
A corriger de manière urgente,25,2017-05-06
Satisfaisant,1792,2017-05-06
Très satisfaisant,3301,2017-05-06
A améliorer,393,2017-05-07
A corriger de manière urgente,25,2017-05-07
Satisfaisant,1796,2017-05-07
Très satisfaisant,3403,2017-05-07
A améliorer,393,2017-05-08
A corriger de manière urgente,25,2017-05-08
Satisfaisant,1796,2017-05-08
Très satisfaisant,3403,2017-05-08
A améliorer,393,2017-05-09
A corriger de manière urgente,25,2017-05-09
Satisfaisant,1796,2017-05-09
Très satisfaisant,3407,2017-05-09
A améliorer,409,2017-05-10
A corriger de manière urgente,25,2017-05-10
Satisfaisant,1886,2017-05-10
Très satisfaisant,3503,2017-05-10
A améliorer,437,2017-05-11
A corriger de manière urgente,26,2017-05-11
Satisfaisant,1945,2017-05-11
Très satisfaisant,3503,2017-05-11
A améliorer,450,2017-05-12
A corriger de manière urgente,28,2017-05-12
Satisfaisant,1987,2017-05-12
Très satisfaisant,3503,2017-05-12
A améliorer,470,2017-05-13
A corriger de manière urgente,27,2017-05-13
Satisfaisant,2063,2017-05-13
Très satisfaisant,3659,2017-05-13
A améliorer,470,2017-05-14
A corriger de manière urgente,27,2017-05-14
Satisfaisant,2063,2017-05-14
Très satisfaisant,3659,2017-05-14
A améliorer,470,2017-05-15
A corriger de manière urgente,27,2017-05-15
Satisfaisant,2063,2017-05-15
Très satisfaisant,3659,2017-05-15
A améliorer,477,2017-05-16
A corriger de manière urgente,29,2017-05-16
Satisfaisant,2189,2017-05-16
Très satisfaisant,3860,2017-05-16
A améliorer,493,2017-05-17
A corriger de manière urgente,26,2017-05-17
Satisfaisant,2267,2017-05-17
Très satisfaisant,3983,2017-05-17
A améliorer,502,2017-05-18
A corriger de manière urgente,27,2017-05-18
Satisfaisant,2329,2017-05-18
Très satisfaisant,4068,2017-05-18
A améliorer,510,2017-05-19
A corriger de manière urgente,28,2017-05-19
Satisfaisant,2384,2017-05-19
Très satisfaisant,4135,2017-05-19
A améliorer,532,2017-05-20
A corriger de manière urgente,30,2017-05-20
Satisfaisant,2453,2017-05-20
Très satisfaisant,4135,2017-05-20
A améliorer,528,2017-05-21
A corriger de manière urgente,29,2017-05-21
Satisfaisant,2461,2017-05-21
Très satisfaisant,4273,2017-05-21
A améliorer,528,2017-05-22
A corriger de manière urgente,29,2017-05-22
Satisfaisant,2461,2017-05-22
Très satisfaisant,4273,2017-05-22
A améliorer,524,2017-05-23
A corriger de manière urgente,29,2017-05-23
Satisfaisant,2469,2017-05-23
Très satisfaisant,4391,2017-05-23
A améliorer,537,2017-05-24
A corriger de manière urgente,30,2017-05-24
Satisfaisant,2578,2017-05-24
Très satisfaisant,4487,2017-05-24
A améliorer,545,2017-05-25
A corriger de manière urgente,30,2017-05-25
Satisfaisant,2661,2017-05-25
Très satisfaisant,4575,2017-05-25
A améliorer,564,2017-05-26
A corriger de manière urgente,30,2017-05-26
Satisfaisant,2727,2017-05-26
Très satisfaisant,4575,2017-05-26
A améliorer,582,2017-05-27
A corriger de manière urgente,30,2017-05-27
Satisfaisant,2791,2017-05-27
Très satisfaisant,4575,2017-05-27
A améliorer,582,2017-05-28
A corriger de manière urgente,30,2017-05-28
Satisfaisant,2791,2017-05-28
Très satisfaisant,4584,2017-05-28
A améliorer,582,2017-05-29
A corriger de manière urgente,30,2017-05-29
Satisfaisant,2791,2017-05-29
Très satisfaisant,4584,2017-05-29
A améliorer,577,2017-05-30
A corriger de manière urgente,30,2017-05-30
Satisfaisant,2798,2017-05-30
Très satisfaisant,4673,2017-05-30
A améliorer,594,2017-05-31
A corriger de manière urgente,30,2017-05-31
Satisfaisant,2872,2017-05-31
Très satisfaisant,4673,2017-05-31
A améliorer,587,2017-06-01
A corriger de manière urgente,28,2017-06-01
Satisfaisant,2908,2017-06-01
Très satisfaisant,4824,2017-06-01
A améliorer,603,2017-06-02
A corriger de manière urgente,28,2017-06-02
Satisfaisant,3004,2017-06-02
Très satisfaisant,4912,2017-06-02
A améliorer,624,2017-06-03
A corriger de manière urgente,30,2017-06-03
Satisfaisant,3097,2017-06-03
Très satisfaisant,4912,2017-06-03
A améliorer,619,2017-06-04
A corriger de manière urgente,30,2017-06-04
Satisfaisant,3103,2017-06-04
Très satisfaisant,5003,2017-06-04
A améliorer,621,2017-06-05
A corriger de manière urgente,30,2017-06-05
Satisfaisant,3103,2017-06-05
Très satisfaisant,5003,2017-06-05
A améliorer,642,2017-06-06
A corriger de manière urgente,31,2017-06-06
Satisfaisant,3166,2017-06-06
Très satisfaisant,5003,2017-06-06
A améliorer,664,2017-06-07
A corriger de manière urgente,38,2017-06-07
Satisfaisant,3234,2017-06-07
Très satisfaisant,5034,2017-06-07
A améliorer,685,2017-06-08
A corriger de manière urgente,36,2017-06-08
Satisfaisant,3308,2017-06-08
Très satisfaisant,5117,2017-06-08
A améliorer,705,2017-06-09
A corriger de manière urgente,36,2017-06-09
Satisfaisant,3400,2017-06-09
Très satisfaisant,5208,2017-06-09
A améliorer,724,2017-06-10
A corriger de manière urgente,37,2017-06-10
Satisfaisant,3484,2017-06-10
Très satisfaisant,5208,2017-06-10
A améliorer,718,2017-06-11
A corriger de manière urgente,36,2017-06-11
Satisfaisant,3486,2017-06-11
Très satisfaisant,5294,2017-06-11
A améliorer,718,2017-06-12
A corriger de manière urgente,36,2017-06-12
Satisfaisant,3486,2017-06-12
Très satisfaisant,5294,2017-06-12
A améliorer,733,2017-06-13
A corriger de manière urgente,37,2017-06-13
Satisfaisant,3603,2017-06-13
Très satisfaisant,5393,2017-06-13
A améliorer,756,2017-06-14
A corriger de manière urgente,37,2017-06-14
Satisfaisant,3698,2017-06-14
Très satisfaisant,5468,2017-06-14
A améliorer,764,2017-06-15
A corriger de manière urgente,38,2017-06-15
Satisfaisant,3786,2017-06-15
Très satisfaisant,5558,2017-06-15
A améliorer,759,2017-06-16
A corriger de manière urgente,40,2017-06-16
Satisfaisant,3786,2017-06-16
Très satisfaisant,5643,2017-06-16
A améliorer,761,2017-06-17
A corriger de manière urgente,40,2017-06-17
Satisfaisant,3803,2017-06-17
Très satisfaisant,5643,2017-06-17
A améliorer,751,2017-06-18
A corriger de manière urgente,39,2017-06-18
Satisfaisant,3814,2017-06-18
Très satisfaisant,5709,2017-06-18
A améliorer,752,2017-06-19
A corriger de manière urgente,39,2017-06-19
Satisfaisant,3814,2017-06-19
Très satisfaisant,5709,2017-06-19
A améliorer,751,2017-06-20
A corriger de manière urgente,30,2017-06-20
Satisfaisant,3889,2017-06-20
Très satisfaisant,5813,2017-06-20
A améliorer,753,2017-06-21
A corriger de manière urgente,27,2017-06-21
Satisfaisant,3969,2017-06-21
Très satisfaisant,5898,2017-06-21
A améliorer,769,2017-06-22
A corriger de manière urgente,28,2017-06-22
Satisfaisant,4036,2017-06-22
Très satisfaisant,5997,2017-06-22
A améliorer,784,2017-06-23
A corriger de manière urgente,30,2017-06-23
Satisfaisant,4116,2017-06-23
Très satisfaisant,6076,2017-06-23
A améliorer,815,2017-06-24
A corriger de manière urgente,31,2017-06-24
Satisfaisant,4187,2017-06-24
Très satisfaisant,6076,2017-06-24
A améliorer,809,2017-06-25
A corriger de manière urgente,32,2017-06-25
Satisfaisant,4192,2017-06-25
Très satisfaisant,6169,2017-06-25
A améliorer,809,2017-06-26
A corriger de manière urgente,32,2017-06-26
Satisfaisant,4191,2017-06-26
Très satisfaisant,6169,2017-06-26
A améliorer,799,2017-06-27
A corriger de manière urgente,31,2017-06-27
Satisfaisant,4202,2017-06-27
Très satisfaisant,6269,2017-06-27
A améliorer,805,2017-06-28
A corriger de manière urgente,28,2017-06-28
Satisfaisant,4242,2017-06-28
Très satisfaisant,6360,2017-06-28
A améliorer,820,2017-06-29
A corriger de manière urgente,28,2017-06-29
Satisfaisant,4355,2017-06-29
Très satisfaisant,6447,2017-06-29
A améliorer,837,2017-06-30
A corriger de manière urgente,29,2017-06-30
Satisfaisant,4437,2017-06-30
Très satisfaisant,6539,2017-06-30
A améliorer,864,2017-07-01
A corriger de manière urgente,32,2017-07-01
Satisfaisant,4545,2017-07-01
Très satisfaisant,6539,2017-07-01
A améliorer,859,2017-07-02
A corriger de manière urgente,31,2017-07-02
Satisfaisant,4553,2017-07-02
Très satisfaisant,6622,2017-07-02
A améliorer,859,2017-07-03
A corriger de manière urgente,31,2017-07-03
Satisfaisant,4552,2017-07-03
Très satisfaisant,6621,2017-07-03
A améliorer,876,2017-07-04
A corriger de manière urgente,34,2017-07-04
Satisfaisant,4634,2017-07-04
Très satisfaisant,6621,2017-07-04
A améliorer,865,2017-07-05
A corriger de manière urgente,35,2017-07-05
Satisfaisant,4752,2017-07-05
Très satisfaisant,6840,2017-07-05
A améliorer,871,2017-07-06
A corriger de manière urgente,35,2017-07-06
Satisfaisant,4846,2017-07-06
Très satisfaisant,6963,2017-07-06
A améliorer,875,2017-07-07
A corriger de manière urgente,38,2017-07-07
Satisfaisant,4957,2017-07-07
Très satisfaisant,7072,2017-07-07
A améliorer,897,2017-07-08
A corriger de manière urgente,41,2017-07-08
Satisfaisant,5061,2017-07-08
Très satisfaisant,7072,2017-07-08
A améliorer,885,2017-07-09
A corriger de manière urgente,41,2017-07-09
Satisfaisant,5073,2017-07-09
Très satisfaisant,7181,2017-07-09
A améliorer,885,2017-07-10
A corriger de manière urgente,41,2017-07-10
Satisfaisant,5072,2017-07-10
Très satisfaisant,7182,2017-07-10
A améliorer,903,2017-07-11
A corriger de manière urgente,41,2017-07-11
Satisfaisant,5179,2017-07-11
Très satisfaisant,7292,2017-07-11
A améliorer,926,2017-07-12
A corriger de manière urgente,42,2017-07-12
Satisfaisant,5261,2017-07-12
Très satisfaisant,7292,2017-07-12
A améliorer,918,2017-07-13
A corriger de manière urgente,42,2017-07-13
Satisfaisant,5360,2017-07-13
Très satisfaisant,7396,2017-07-13
A améliorer,937,2017-07-14
A corriger de manière urgente,42,2017-07-14
Satisfaisant,5455,2017-07-14
Très satisfaisant,7501,2017-07-14
A améliorer,953,2017-07-15
A corriger de manière urgente,42,2017-07-15
Satisfaisant,5555,2017-07-15
Très satisfaisant,7614,2017-07-15
A améliorer,953,2017-07-16
A corriger de manière urgente,42,2017-07-16
Satisfaisant,5555,2017-07-16
Très satisfaisant,7618,2017-07-16
A améliorer,954,2017-07-17
A corriger de manière urgente,42,2017-07-17
Satisfaisant,5554,2017-07-17
Très satisfaisant,7619,2017-07-17
A améliorer,977,2017-07-18
A corriger de manière urgente,43,2017-07-18
Satisfaisant,5664,2017-07-18
Très satisfaisant,7619,2017-07-18
A améliorer,990,2017-07-19
A corriger de manière urgente,44,2017-07-19
Satisfaisant,5768,2017-07-19
Très satisfaisant,7730,2017-07-19
A améliorer,988,2017-07-20
A corriger de manière urgente,45,2017-07-20
Satisfaisant,5866,2017-07-20
Très satisfaisant,7837,2017-07-20
A améliorer,1007,2017-07-21
A corriger de manière urgente,45,2017-07-21
Satisfaisant,5957,2017-07-21
Très satisfaisant,7920,2017-07-21
A améliorer,1014,2017-07-22
A corriger de manière urgente,47,2017-07-22
Satisfaisant,6034,2017-07-22
Très satisfaisant,7998,2017-07-22
A améliorer,1014,2017-07-23
A corriger de manière urgente,47,2017-07-23
Satisfaisant,6034,2017-07-23
Très satisfaisant,7998,2017-07-23
A améliorer,1011,2017-07-24
A corriger de manière urgente,47,2017-07-24
Satisfaisant,6038,2017-07-24
Très satisfaisant,8098,2017-07-24
A améliorer,1026,2017-07-25
A corriger de manière urgente,48,2017-07-25
Satisfaisant,6137,2017-07-25
Très satisfaisant,8225,2017-07-25
A améliorer,1060,2017-07-26
A corriger de manière urgente,49,2017-07-26
Satisfaisant,6216,2017-07-26
Très satisfaisant,8294,2017-07-26
A améliorer,1082,2017-07-27
A corriger de manière urgente,52,2017-07-27
Satisfaisant,6312,2017-07-27
Très satisfaisant,8371,2017-07-27
A améliorer,1125,2017-07-28
A corriger de manière urgente,52,2017-07-28
Satisfaisant,6476,2017-07-28
Très satisfaisant,8486,2017-07-28
A améliorer,1144,2017-07-29
A corriger de manière urgente,53,2017-07-29
Satisfaisant,6523,2017-07-29
Très satisfaisant,8486,2017-07-29
A améliorer,1143,2017-07-30
A corriger de manière urgente,53,2017-07-30
Satisfaisant,6520,2017-07-30
Très satisfaisant,8581,2017-07-30
A améliorer,1143,2017-07-31
A corriger de manière urgente,53,2017-07-31
Satisfaisant,6520,2017-07-31
Très satisfaisant,8584,2017-07-31
A améliorer,1174,2017-08-01
A corriger de manière urgente,54,2017-08-01
Satisfaisant,6618,2017-08-01
Très satisfaisant,8676,2017-08-01
A améliorer,1204,2017-08-02
A corriger de manière urgente,58,2017-08-02
Satisfaisant,6684,2017-08-02
Très satisfaisant,8739,2017-08-02
A améliorer,1230,2017-08-03
A corriger de manière urgente,66,2017-08-03
Satisfaisant,6753,2017-08-03
Très satisfaisant,8840,2017-08-03
A améliorer,1259,2017-08-04
A corriger de manière urgente,72,2017-08-04
Satisfaisant,6865,2017-08-04
Très satisfaisant,8942,2017-08-04
A améliorer,1259,2017-08-05
A corriger de manière urgente,72,2017-08-05
Satisfaisant,6865,2017-08-05
Très satisfaisant,8942,2017-08-05
A améliorer,1259,2017-08-06
A corriger de manière urgente,72,2017-08-06
Satisfaisant,6862,2017-08-06
Très satisfaisant,9033,2017-08-06
A améliorer,1258,2017-08-07
A corriger de manière urgente,72,2017-08-07
Satisfaisant,6862,2017-08-07
Très satisfaisant,9032,2017-08-07
A améliorer,1291,2017-08-08
A corriger de manière urgente,75,2017-08-08
Satisfaisant,6925,2017-08-08
Très satisfaisant,9126,2017-08-08
A améliorer,1323,2017-08-09
A corriger de manière urgente,78,2017-08-09
Satisfaisant,7001,2017-08-09
Très satisfaisant,9195,2017-08-09
A améliorer,1349,2017-08-10
A corriger de manière urgente,83,2017-08-10
Satisfaisant,7090,2017-08-10
Très satisfaisant,9258,2017-08-10
A améliorer,1368,2017-08-11
A corriger de manière urgente,84,2017-08-11
Satisfaisant,7172,2017-08-11
Très satisfaisant,9258,2017-08-11
A améliorer,1403,2017-08-12
A corriger de manière urgente,88,2017-08-12
Satisfaisant,7280,2017-08-12
Très satisfaisant,9258,2017-08-12
A améliorer,1394,2017-08-13
A corriger de manière urgente,88,2017-08-13
Satisfaisant,7279,2017-08-13
Très satisfaisant,9403,2017-08-13
A améliorer,1492,2017-08-21
A corriger de manière urgente,96,2017-08-21
Satisfaisant,7710,2017-08-21
Très satisfaisant,9592,2017-08-21
A améliorer,1516,2017-08-22
A corriger de manière urgente,99,2017-08-22
Satisfaisant,7788,2017-08-22
Très satisfaisant,9650,2017-08-22
A améliorer,1546,2017-08-23
A corriger de manière urgente,99,2017-08-23
Satisfaisant,7861,2017-08-23
Très satisfaisant,9704,2017-08-23
A améliorer,1569,2017-08-24
A corriger de manière urgente,103,2017-08-24
Satisfaisant,7933,2017-08-24
Très satisfaisant,9777,2017-08-24
A améliorer,1586,2017-08-25
A corriger de manière urgente,104,2017-08-25
Satisfaisant,8032,2017-08-25
Très satisfaisant,9847,2017-08-25
A améliorer,1607,2017-08-26
A corriger de manière urgente,106,2017-08-26
Satisfaisant,8132,2017-08-26
Très satisfaisant,9847,2017-08-26
A améliorer,1606,2017-08-27
A corriger de manière urgente,106,2017-08-27
Satisfaisant,8128,2017-08-27
Très satisfaisant,9915,2017-08-27
A améliorer,1605,2017-08-28
A corriger de manière urgente,106,2017-08-28
Satisfaisant,8127,2017-08-28
Très satisfaisant,9915,2017-08-28
A améliorer,1615,2017-08-29
A corriger de manière urgente,110,2017-08-29
Satisfaisant,8217,2017-08-29
Très satisfaisant,9973,2017-08-29
A améliorer,1625,2017-08-30
A corriger de manière urgente,111,2017-08-30
Satisfaisant,8292,2017-08-30
Très satisfaisant,10026,2017-08-30
A améliorer,1641,2017-08-31
A corriger de manière urgente,111,2017-08-31
Satisfaisant,8344,2017-08-31
Très satisfaisant,10086,2017-08-31
A améliorer,1667,2017-09-01
A corriger de manière urgente,113,2017-09-01
Satisfaisant,8429,2017-09-01
Très satisfaisant,10086,2017-09-01
A améliorer,1680,2017-09-02
A corriger de manière urgente,116,2017-09-02
Satisfaisant,8493,2017-09-02
Très satisfaisant,10135,2017-09-02
A améliorer,1680,2017-09-03
A corriger de manière urgente,116,2017-09-03
Satisfaisant,8494,2017-09-03
Très satisfaisant,10135,2017-09-03
A améliorer,1677,2017-09-04
A corriger de manière urgente,116,2017-09-04
Satisfaisant,8491,2017-09-04
Très satisfaisant,10194,2017-09-04
A améliorer,1685,2017-09-05
A corriger de manière urgente,116,2017-09-05
Satisfaisant,8502,2017-09-05
Très satisfaisant,10244,2017-09-05
A améliorer,1682,2017-09-06
A corriger de manière urgente,116,2017-09-06
Satisfaisant,8499,2017-09-06
Très satisfaisant,10293,2017-09-06
A améliorer,1701,2017-09-07
A corriger de manière urgente,117,2017-09-07
Satisfaisant,8558,2017-09-07
Très satisfaisant,10354,2017-09-07
A améliorer,1718,2017-09-08
A corriger de manière urgente,118,2017-09-08
Satisfaisant,8629,2017-09-08
Très satisfaisant,10354,2017-09-08
A améliorer,1451,2017-09-09
A corriger de manière urgente,82,2017-09-09
Satisfaisant,9056,2017-09-09
Très satisfaisant,10406,2017-09-09
A améliorer,1444,2017-09-10
A corriger de manière urgente,80,2017-09-10
Satisfaisant,9066,2017-09-10
Très satisfaisant,10470,2017-09-10
A améliorer,1444,2017-09-11
A corriger de manière urgente,80,2017-09-11
Satisfaisant,9066,2017-09-11
Très satisfaisant,10470,2017-09-11
A améliorer,1448,2017-09-12
A corriger de manière urgente,79,2017-09-12
Satisfaisant,9155,2017-09-12
Très satisfaisant,10541,2017-09-12
A améliorer,1465,2017-09-13
A corriger de manière urgente,79,2017-09-13
Satisfaisant,9261,2017-09-13
Très satisfaisant,10618,2017-09-13
A améliorer,1466,2017-09-14
A corriger de manière urgente,79,2017-09-14
Satisfaisant,9346,2017-09-14
Très satisfaisant,10692,2017-09-14
A améliorer,1436,2017-09-15
A corriger de manière urgente,77,2017-09-15
Satisfaisant,9202,2017-09-15
Très satisfaisant,10426,2017-09-15
A améliorer,1497,2017-09-16
A corriger de manière urgente,82,2017-09-16
Satisfaisant,9488,2017-09-16
Très satisfaisant,10771,2017-09-16
A améliorer,1482,2017-09-17
A corriger de manière urgente,81,2017-09-17
Satisfaisant,9492,2017-09-17
Très satisfaisant,10828,2017-09-17
A améliorer,1482,2017-09-18
A corriger de manière urgente,81,2017-09-18
Satisfaisant,9492,2017-09-18
Très satisfaisant,10830,2017-09-18
A améliorer,1491,2017-09-19
A corriger de manière urgente,79,2017-09-19
Satisfaisant,9575,2017-09-19
Très satisfaisant,10907,2017-09-19
A améliorer,1497,2017-09-20
A corriger de manière urgente,80,2017-09-20
Satisfaisant,9651,2017-09-20
Très satisfaisant,10967,2017-09-20
A améliorer,1508,2017-09-21
A corriger de manière urgente,84,2017-09-21
Satisfaisant,9709,2017-09-21
Très satisfaisant,11023,2017-09-21
A améliorer,1527,2017-09-22
A corriger de manière urgente,85,2017-09-22
Satisfaisant,9781,2017-09-22
Très satisfaisant,11050,2017-09-22
A améliorer,1533,2017-09-23
A corriger de manière urgente,86,2017-09-23
Satisfaisant,9819,2017-09-23
Très satisfaisant,11050,2017-09-23
A améliorer,1511,2017-09-24
A corriger de manière urgente,82,2017-09-24
Satisfaisant,9831,2017-09-24
Très satisfaisant,11119,2017-09-24
A améliorer,1511,2017-09-25
A corriger de manière urgente,82,2017-09-25
Satisfaisant,9829,2017-09-25
Très satisfaisant,11118,2017-09-25
A améliorer,1505,2017-09-26
A corriger de manière urgente,81,2017-09-26
Satisfaisant,9910,2017-09-26
Très satisfaisant,11237,2017-09-26
A améliorer,1499,2017-09-27
A corriger de manière urgente,82,2017-09-27
Satisfaisant,9965,2017-09-27
Très satisfaisant,11341,2017-09-27
A améliorer,1491,2017-09-28
A corriger de manière urgente,83,2017-09-28
Satisfaisant,10035,2017-09-28
Très satisfaisant,11414,2017-09-28
A améliorer,1494,2017-09-29
A corriger de manière urgente,83,2017-09-29
Satisfaisant,10108,2017-09-29
Très satisfaisant,11511,2017-09-29
A améliorer,1513,2017-09-30
A corriger de manière urgente,84,2017-09-30
Satisfaisant,10161,2017-09-30
Très satisfaisant,11511,2017-09-30
A améliorer,1500,2017-10-01
A corriger de manière urgente,82,2017-10-01
Satisfaisant,10177,2017-10-01
Très satisfaisant,11604,2017-10-01
A améliorer,1500,2017-10-02
A corriger de manière urgente,82,2017-10-02
Satisfaisant,10176,2017-10-02
Très satisfaisant,11601,2017-10-02
A améliorer,1492,2017-10-03
A corriger de manière urgente,82,2017-10-03
Satisfaisant,10299,2017-10-03
Très satisfaisant,11710,2017-10-03
A améliorer,1500,2017-10-04
A corriger de manière urgente,81,2017-10-04
Satisfaisant,10372,2017-10-04
Très satisfaisant,11759,2017-10-04
A améliorer,1493,2017-10-05
A corriger de manière urgente,84,2017-10-05
Satisfaisant,10445,2017-10-05
Très satisfaisant,11830,2017-10-05
A améliorer,1501,2017-10-06
A corriger de manière urgente,83,2017-10-06
Satisfaisant,10532,2017-10-06
Très satisfaisant,11900,2017-10-06
A améliorer,1525,2017-10-07
A corriger de manière urgente,86,2017-10-07
Satisfaisant,10602,2017-10-07
Très satisfaisant,11900,2017-10-07
A améliorer,1509,2017-10-08
A corriger de manière urgente,82,2017-10-08
Satisfaisant,10619,2017-10-08
Très satisfaisant,11971,2017-10-08
A améliorer,1508,2017-10-09
A corriger de manière urgente,81,2017-10-09
Satisfaisant,10618,2017-10-09
Très satisfaisant,11970,2017-10-09
A améliorer,1514,2017-10-10
A corriger de manière urgente,81,2017-10-10
Satisfaisant,10719,2017-10-10
Très satisfaisant,12069,2017-10-10
A améliorer,1529,2017-10-11
A corriger de manière urgente,83,2017-10-11
Satisfaisant,10774,2017-10-11
Très satisfaisant,12133,2017-10-11
A améliorer,1536,2017-10-12
A corriger de manière urgente,84,2017-10-12
Satisfaisant,10850,2017-10-12
Très satisfaisant,12217,2017-10-12
A améliorer,1520,2017-10-13
A corriger de manière urgente,83,2017-10-13
Satisfaisant,10880,2017-10-13
Très satisfaisant,12300,2017-10-13
A améliorer,1546,2017-10-14
A corriger de manière urgente,86,2017-10-14
Satisfaisant,10947,2017-10-14
Très satisfaisant,12300,2017-10-14
A améliorer,1527,2017-10-15
A corriger de manière urgente,86,2017-10-15
Satisfaisant,10966,2017-10-15
Très satisfaisant,12363,2017-10-15
A améliorer,1527,2017-10-16
A corriger de manière urgente,86,2017-10-16
Satisfaisant,10966,2017-10-16
Très satisfaisant,12363,2017-10-16
A améliorer,1528,2017-10-17
A corriger de manière urgente,87,2017-10-17
Satisfaisant,11076,2017-10-17
Très satisfaisant,12440,2017-10-17
A améliorer,1528,2017-10-18
A corriger de manière urgente,90,2017-10-18
Satisfaisant,11156,2017-10-18
Très satisfaisant,12521,2017-10-18
A améliorer,1543,2017-10-19
A corriger de manière urgente,92,2017-10-19
Satisfaisant,11234,2017-10-19
Très satisfaisant,12589,2017-10-19
A améliorer,1556,2017-10-20
A corriger de manière urgente,99,2017-10-20
Satisfaisant,11310,2017-10-20
Très satisfaisant,12655,2017-10-20
A améliorer,1576,2017-10-21
A corriger de manière urgente,101,2017-10-21
Satisfaisant,11373,2017-10-21
Très satisfaisant,12655,2017-10-21
A améliorer,1558,2017-10-22
A corriger de manière urgente,100,2017-10-22
Satisfaisant,11387,2017-10-22
Très satisfaisant,12735,2017-10-22
A améliorer,1559,2017-10-23
A corriger de manière urgente,100,2017-10-23
Satisfaisant,11383,2017-10-23
Très satisfaisant,12734,2017-10-23
A améliorer,1588,2017-10-24
A corriger de manière urgente,101,2017-10-24
Satisfaisant,11489,2017-10-24
Très satisfaisant,12734,2017-10-24
A améliorer,1578,2017-10-25
A corriger de manière urgente,100,2017-10-25
Satisfaisant,11588,2017-10-25
Très satisfaisant,12884,2017-10-25
A améliorer,1599,2017-10-26
A corriger de manière urgente,103,2017-10-26
Satisfaisant,11664,2017-10-26
Très satisfaisant,12884,2017-10-26
A améliorer,1546,2017-10-27
A corriger de manière urgente,98,2017-10-27
Satisfaisant,11725,2017-10-27
Très satisfaisant,12937,2017-10-27
A améliorer,1570,2017-10-28
A corriger de manière urgente,99,2017-10-28
Satisfaisant,11794,2017-10-28
Très satisfaisant,12937,2017-10-28
A améliorer,1557,2017-10-29
A corriger de manière urgente,96,2017-10-29
Satisfaisant,11807,2017-10-29
Très satisfaisant,12993,2017-10-29
A améliorer,1556,2017-10-30
A corriger de manière urgente,96,2017-10-30
Satisfaisant,11805,2017-10-30
Très satisfaisant,12992,2017-10-30
A améliorer,1574,2017-10-31
A corriger de manière urgente,96,2017-10-31
Satisfaisant,11915,2017-10-31
Très satisfaisant,13036,2017-10-31
A améliorer,1592,2017-11-01
A corriger de manière urgente,99,2017-11-01
Satisfaisant,11994,2017-11-01
Très satisfaisant,13094,2017-11-01
A améliorer,1609,2017-11-02
A corriger de manière urgente,101,2017-11-02
Satisfaisant,12069,2017-11-02
Très satisfaisant,13094,2017-11-02
A améliorer,1615,2017-11-03
A corriger de manière urgente,105,2017-11-03
Satisfaisant,12145,2017-11-03
Très satisfaisant,13153,2017-11-03
A améliorer,1632,2017-11-04
A corriger de manière urgente,106,2017-11-04
Satisfaisant,12218,2017-11-04
Très satisfaisant,13153,2017-11-04
A améliorer,1625,2017-11-05
A corriger de manière urgente,106,2017-11-05
Satisfaisant,12224,2017-11-05
Très satisfaisant,13192,2017-11-05
A améliorer,1625,2017-11-06
A corriger de manière urgente,106,2017-11-06
Satisfaisant,12224,2017-11-06
Très satisfaisant,13192,2017-11-06
A améliorer,1644,2017-11-07
A corriger de manière urgente,106,2017-11-07
Satisfaisant,12314,2017-11-07
Très satisfaisant,13262,2017-11-07
A améliorer,1658,2017-11-08
A corriger de manière urgente,105,2017-11-08
Satisfaisant,12420,2017-11-08
Très satisfaisant,13331,2017-11-08
A améliorer,1664,2017-11-09
A corriger de manière urgente,104,2017-11-09
Satisfaisant,12499,2017-11-09
Très satisfaisant,13373,2017-11-09
A améliorer,1667,2017-11-10
A corriger de manière urgente,109,2017-11-10
Satisfaisant,12581,2017-11-10
Très satisfaisant,13440,2017-11-10
A améliorer,1689,2017-11-11
A corriger de manière urgente,110,2017-11-11
Satisfaisant,12677,2017-11-11
Très satisfaisant,13440,2017-11-11
A améliorer,1669,2017-11-12
A corriger de manière urgente,110,2017-11-12
Satisfaisant,12693,2017-11-12
Très satisfaisant,13514,2017-11-12
A améliorer,1668,2017-11-13
A corriger de manière urgente,110,2017-11-13
Satisfaisant,12693,2017-11-13
Très satisfaisant,13515,2017-11-13
A améliorer,1668,2017-11-14
A corriger de manière urgente,114,2017-11-14
Satisfaisant,12784,2017-11-14
Très satisfaisant,13596,2017-11-14
A améliorer,1674,2017-11-15
A corriger de manière urgente,114,2017-11-15
Satisfaisant,12879,2017-11-15
Très satisfaisant,13646,2017-11-15
A améliorer,1677,2017-11-16
A corriger de manière urgente,115,2017-11-16
Satisfaisant,12947,2017-11-16
Très satisfaisant,13733,2017-11-16
A améliorer,1684,2017-11-17
A corriger de manière urgente,115,2017-11-17
Satisfaisant,13042,2017-11-17
Très satisfaisant,13794,2017-11-17
A améliorer,1711,2017-11-18
A corriger de manière urgente,119,2017-11-18
Satisfaisant,13118,2017-11-18
Très satisfaisant,13794,2017-11-18
A améliorer,1711,2017-11-19
A corriger de manière urgente,119,2017-11-19
Satisfaisant,13119,2017-11-19
Très satisfaisant,13794,2017-11-19
A améliorer,1711,2017-11-20
A corriger de manière urgente,119,2017-11-20
Satisfaisant,13119,2017-11-20
Très satisfaisant,13794,2017-11-20
A améliorer,1696,2017-11-21
A corriger de manière urgente,120,2017-11-21
Satisfaisant,13206,2017-11-21
Très satisfaisant,13913,2017-11-21
A améliorer,1691,2017-11-22
A corriger de manière urgente,118,2017-11-22
Satisfaisant,13277,2017-11-22
Très satisfaisant,13985,2017-11-22
A améliorer,1677,2017-11-23
A corriger de manière urgente,118,2017-11-23
Satisfaisant,13294,2017-11-23
Très satisfaisant,14084,2017-11-23
A améliorer,1680,2017-11-24
A corriger de manière urgente,120,2017-11-24
Satisfaisant,13337,2017-11-24
Très satisfaisant,14164,2017-11-24
A améliorer,1694,2017-11-25
A corriger de manière urgente,120,2017-11-25
Satisfaisant,13400,2017-11-25
Très satisfaisant,14164,2017-11-25
A améliorer,1686,2017-11-26
A corriger de manière urgente,117,2017-11-26
Satisfaisant,13402,2017-11-26
Très satisfaisant,14244,2017-11-26
A améliorer,1686,2017-11-27
A corriger de manière urgente,117,2017-11-27
Satisfaisant,13401,2017-11-27
Très satisfaisant,14241,2017-11-27
A améliorer,1694,2017-11-28
A corriger de manière urgente,114,2017-11-28
Satisfaisant,13501,2017-11-28
Très satisfaisant,14347,2017-11-28
A améliorer,1699,2017-11-29
A corriger de manière urgente,114,2017-11-29
Satisfaisant,13581,2017-11-29
Très satisfaisant,14423,2017-11-29
A améliorer,1716,2017-11-30
A corriger de manière urgente,116,2017-11-30
Satisfaisant,13642,2017-11-30
Très satisfaisant,14423,2017-11-30
A améliorer,1709,2017-12-01
A corriger de manière urgente,115,2017-12-01
Satisfaisant,13713,2017-12-01
Très satisfaisant,14578,2017-12-01
A améliorer,1728,2017-12-02
A corriger de manière urgente,115,2017-12-02
Satisfaisant,13784,2017-12-02
Très satisfaisant,14578,2017-12-02
A améliorer,1711,2017-12-03
A corriger de manière urgente,115,2017-12-03
Satisfaisant,13797,2017-12-03
Très satisfaisant,14658,2017-12-03
A améliorer,1712,2017-12-04
A corriger de manière urgente,115,2017-12-04
Satisfaisant,13799,2017-12-04
Très satisfaisant,14656,2017-12-04
A améliorer,1722,2017-12-05
A corriger de manière urgente,113,2017-12-05
Satisfaisant,13893,2017-12-05
Très satisfaisant,14728,2017-12-05
A améliorer,1717,2017-12-06
A corriger de manière urgente,111,2017-12-06
Satisfaisant,13971,2017-12-06
Très satisfaisant,14825,2017-12-06
A améliorer,1718,2017-12-07
A corriger de manière urgente,111,2017-12-07
Satisfaisant,14067,2017-12-07
Très satisfaisant,14895,2017-12-07
A améliorer,1730,2017-12-08
A corriger de manière urgente,111,2017-12-08
Satisfaisant,14149,2017-12-08
Très satisfaisant,14980,2017-12-08
A améliorer,1757,2017-12-09
A corriger de manière urgente,114,2017-12-09
Satisfaisant,14214,2017-12-09
Très satisfaisant,14980,2017-12-09
A améliorer,1743,2017-12-10
A corriger de manière urgente,113,2017-12-10
Satisfaisant,14221,2017-12-10
Très satisfaisant,15045,2017-12-10
A améliorer,1743,2017-12-11
A corriger de manière urgente,113,2017-12-11
Satisfaisant,14221,2017-12-11
Très satisfaisant,15045,2017-12-11
A améliorer,1739,2017-12-12
A corriger de manière urgente,114,2017-12-12
Satisfaisant,14320,2017-12-12
Très satisfaisant,15147,2017-12-12
A améliorer,1756,2017-12-13
A corriger de manière urgente,114,2017-12-13
Satisfaisant,14425,2017-12-13
Très satisfaisant,15253,2017-12-13
A améliorer,1766,2017-12-14
A corriger de manière urgente,116,2017-12-14
Satisfaisant,14522,2017-12-14
Très satisfaisant,15362,2017-12-14
A améliorer,1763,2017-12-15
A corriger de manière urgente,116,2017-12-15
Satisfaisant,14622,2017-12-15
Très satisfaisant,15465,2017-12-15
A améliorer,1776,2017-12-16
A corriger de manière urgente,120,2017-12-16
Satisfaisant,14697,2017-12-16
Très satisfaisant,15465,2017-12-16
A améliorer,1745,2017-12-17
A corriger de manière urgente,118,2017-12-17
Satisfaisant,14715,2017-12-17
Très satisfaisant,15556,2017-12-17
A améliorer,1745,2017-12-18
A corriger de manière urgente,118,2017-12-18
Satisfaisant,14714,2017-12-18
Très satisfaisant,15556,2017-12-18
A améliorer,1774,2017-12-19
A corriger de manière urgente,119,2017-12-19
Satisfaisant,14836,2017-12-19
Très satisfaisant,15556,2017-12-19
A améliorer,1654,2017-12-20
A corriger de manière urgente,138,2017-12-20
Satisfaisant,13686,2017-12-20
Très satisfaisant,17620,2017-12-20
A améliorer,1637,2017-12-21
A corriger de manière urgente,137,2017-12-21
Satisfaisant,13776,2017-12-21
Très satisfaisant,17817,2017-12-21
A améliorer,1629,2017-12-22
A corriger de manière urgente,138,2017-12-22
Satisfaisant,13855,2017-12-22
Très satisfaisant,17950,2017-12-22
A améliorer,1641,2017-12-23
A corriger de manière urgente,138,2017-12-23
Satisfaisant,13909,2017-12-23
Très satisfaisant,17950,2017-12-23
A améliorer,1621,2017-12-24
A corriger de manière urgente,138,2017-12-24
Satisfaisant,13932,2017-12-24
Très satisfaisant,18013,2017-12-24
A améliorer,1621,2017-12-25
A corriger de manière urgente,137,2017-12-25
Satisfaisant,13929,2017-12-25
Très satisfaisant,18012,2017-12-25
A améliorer,1631,2017-12-26
A corriger de manière urgente,138,2017-12-26
Satisfaisant,14000,2017-12-26
Très satisfaisant,18012,2017-12-26
A améliorer,1664,2017-12-27
A corriger de manière urgente,138,2017-12-27
Satisfaisant,14092,2017-12-27
Très satisfaisant,18074,2017-12-27
A améliorer,1686,2017-12-28
A corriger de manière urgente,136,2017-12-28
Satisfaisant,14189,2017-12-28
Très satisfaisant,18125,2017-12-28
A améliorer,1686,2017-12-29
A corriger de manière urgente,136,2017-12-29
Satisfaisant,14273,2017-12-29
Très satisfaisant,18191,2017-12-29
A améliorer,1716,2017-12-30
A corriger de manière urgente,137,2017-12-30
Satisfaisant,14338,2017-12-30
Très satisfaisant,18191,2017-12-30
A améliorer,1713,2017-12-31
A corriger de manière urgente,135,2017-12-31
Satisfaisant,14347,2017-12-31
Très satisfaisant,18259,2017-12-31
A améliorer,1713,2018-01-01
A corriger de manière urgente,135,2018-01-01
Satisfaisant,14348,2018-01-01
Très satisfaisant,18260,2018-01-01
A améliorer,1732,2018-01-02
A corriger de manière urgente,136,2018-01-02
Satisfaisant,14418,2018-01-02
Très satisfaisant,18260,2018-01-02
A améliorer,1745,2018-01-03
A corriger de manière urgente,135,2018-01-03
Satisfaisant,14498,2018-01-03
Très satisfaisant,18306,2018-01-03
A améliorer,1760,2018-01-04
A corriger de manière urgente,138,2018-01-04
Satisfaisant,14618,2018-01-04
Très satisfaisant,18298,2018-01-04
A améliorer,1768,2018-01-05
A corriger de manière urgente,144,2018-01-05
Satisfaisant,14675,2018-01-05
Très satisfaisant,18360,2018-01-05
A améliorer,1786,2018-01-06
A corriger de manière urgente,148,2018-01-06
Satisfaisant,14729,2018-01-06
Très satisfaisant,18360,2018-01-06
A améliorer,1771,2018-01-07
A corriger de manière urgente,149,2018-01-07
Satisfaisant,14752,2018-01-07
Très satisfaisant,18415,2018-01-07
A améliorer,1773,2018-01-08
A corriger de manière urgente,149,2018-01-08
Satisfaisant,14753,2018-01-08
Très satisfaisant,18417,2018-01-08
A améliorer,1778,2018-01-09
A corriger de manière urgente,148,2018-01-09
Satisfaisant,14884,2018-01-09
Très satisfaisant,18474,2018-01-09
A améliorer,1794,2018-01-10
A corriger de manière urgente,153,2018-01-10
Satisfaisant,14992,2018-01-10
Très satisfaisant,18530,2018-01-10
A améliorer,1798,2018-01-11
A corriger de manière urgente,155,2018-01-11
Satisfaisant,15075,2018-01-11
Très satisfaisant,18571,2018-01-11
A améliorer,1802,2018-01-12
A corriger de manière urgente,156,2018-01-12
Satisfaisant,15177,2018-01-12
Très satisfaisant,18645,2018-01-12
A améliorer,1838,2018-01-13
A corriger de manière urgente,156,2018-01-13
Satisfaisant,15252,2018-01-13
Très satisfaisant,18645,2018-01-13
A améliorer,1832,2018-01-14
A corriger de manière urgente,156,2018-01-14
Satisfaisant,15270,2018-01-14
Très satisfaisant,18688,2018-01-14
A améliorer,1832,2018-01-15
A corriger de manière urgente,156,2018-01-15
Satisfaisant,15270,2018-01-15
Très satisfaisant,18688,2018-01-15
A améliorer,1828,2018-01-16
A corriger de manière urgente,157,2018-01-16
Satisfaisant,15298,2018-01-16
Très satisfaisant,18775,2018-01-16
A améliorer,1820,2018-01-17
A corriger de manière urgente,156,2018-01-17
Satisfaisant,15357,2018-01-17
Très satisfaisant,18855,2018-01-17
A améliorer,1821,2018-01-18
A corriger de manière urgente,157,2018-01-18
Satisfaisant,15432,2018-01-18
Très satisfaisant,18930,2018-01-18
A améliorer,1819,2018-01-19
A corriger de manière urgente,157,2018-01-19
Satisfaisant,15490,2018-01-19
Très satisfaisant,18992,2018-01-19
A améliorer,1837,2018-01-20
A corriger de manière urgente,157,2018-01-20
Satisfaisant,15546,2018-01-20
Très satisfaisant,18992,2018-01-20
A améliorer,1831,2018-01-21
A corriger de manière urgente,155,2018-01-21
Satisfaisant,15550,2018-01-21
Très satisfaisant,19031,2018-01-21
A améliorer,1829,2018-01-22
A corriger de manière urgente,155,2018-01-22
Satisfaisant,15544,2018-01-22
Très satisfaisant,19028,2018-01-22
A améliorer,1812,2018-01-23
A corriger de manière urgente,154,2018-01-23
Satisfaisant,15557,2018-01-23
Très satisfaisant,19120,2018-01-23
A améliorer,1817,2018-01-24
A corriger de manière urgente,154,2018-01-24
Satisfaisant,15576,2018-01-24
Très satisfaisant,19120,2018-01-24
A améliorer,1805,2018-01-25
A corriger de manière urgente,155,2018-01-25
Satisfaisant,15588,2018-01-25
Très satisfaisant,19249,2018-01-25
A améliorer,1801,2018-01-26
A corriger de manière urgente,155,2018-01-26
Satisfaisant,15654,2018-01-26
Très satisfaisant,19309,2018-01-26
A améliorer,1796,2018-01-27
A corriger de manière urgente,156,2018-01-27
Satisfaisant,15729,2018-01-27
Très satisfaisant,19342,2018-01-27
A améliorer,1796,2018-01-28
A corriger de manière urgente,156,2018-01-28
Satisfaisant,15729,2018-01-28
Très satisfaisant,19342,2018-01-28
A améliorer,1778,2018-01-29
A corriger de manière urgente,157,2018-01-29
Satisfaisant,15782,2018-01-29
Très satisfaisant,19352,2018-01-29
A améliorer,1792,2018-01-30
A corriger de manière urgente,157,2018-01-30
Satisfaisant,15840,2018-01-30
Très satisfaisant,19352,2018-01-30
A améliorer,1766,2018-01-31
A corriger de manière urgente,154,2018-01-31
Satisfaisant,15963,2018-01-31
Très satisfaisant,19471,2018-01-31
A améliorer,1772,2018-02-01
A corriger de manière urgente,153,2018-02-01
Satisfaisant,16032,2018-02-01
Très satisfaisant,19551,2018-02-01
A améliorer,1774,2018-02-02
A corriger de manière urgente,153,2018-02-02
Satisfaisant,16121,2018-02-02
Très satisfaisant,19602,2018-02-02
A améliorer,1790,2018-02-03
A corriger de manière urgente,155,2018-02-03
Satisfaisant,16177,2018-02-03
Très satisfaisant,19602,2018-02-03
A améliorer,1783,2018-02-04
A corriger de manière urgente,153,2018-02-04
Satisfaisant,16189,2018-02-04
Très satisfaisant,19664,2018-02-04
A améliorer,1783,2018-02-05
A corriger de manière urgente,153,2018-02-05
Satisfaisant,16189,2018-02-05
Très satisfaisant,19664,2018-02-05
A améliorer,1785,2018-02-06
A corriger de manière urgente,153,2018-02-06
Satisfaisant,16275,2018-02-06
Très satisfaisant,19780,2018-02-06
A améliorer,1800,2018-02-07
A corriger de manière urgente,153,2018-02-07
Satisfaisant,16351,2018-02-07
Très satisfaisant,19859,2018-02-07
A améliorer,1816,2018-02-08
A corriger de manière urgente,153,2018-02-08
Satisfaisant,16430,2018-02-08
Très satisfaisant,19931,2018-02-08
A améliorer,1816,2018-02-09
A corriger de manière urgente,152,2018-02-09
Satisfaisant,16486,2018-02-09
Très satisfaisant,19989,2018-02-09
A améliorer,1822,2018-02-10
A corriger de manière urgente,153,2018-02-10
Satisfaisant,16525,2018-02-10
Très satisfaisant,19989,2018-02-10
A améliorer,1805,2018-02-11
A corriger de manière urgente,154,2018-02-11
Satisfaisant,16541,2018-02-11
Très satisfaisant,20055,2018-02-11
A améliorer,1805,2018-02-12
A corriger de manière urgente,154,2018-02-12
Satisfaisant,16535,2018-02-12
Très satisfaisant,20049,2018-02-12
A améliorer,1801,2018-02-13
A corriger de manière urgente,160,2018-02-13
Satisfaisant,16640,2018-02-13
Très satisfaisant,20138,2018-02-13
A améliorer,1818,2018-02-14
A corriger de manière urgente,163,2018-02-14
Satisfaisant,16708,2018-02-14
Très satisfaisant,20138,2018-02-14
A améliorer,1802,2018-02-15
A corriger de manière urgente,162,2018-02-15
Satisfaisant,16806,2018-02-15
Très satisfaisant,20294,2018-02-15
A améliorer,1795,2018-02-16
A corriger de manière urgente,163,2018-02-16
Satisfaisant,16878,2018-02-16
Très satisfaisant,20376,2018-02-16
A améliorer,1815,2018-02-17
A corriger de manière urgente,166,2018-02-17
Satisfaisant,16931,2018-02-17
Très satisfaisant,20376,2018-02-17
A améliorer,1816,2018-02-18
A corriger de manière urgente,166,2018-02-18
Satisfaisant,16931,2018-02-18
Très satisfaisant,20376,2018-02-18
A améliorer,1800,2018-02-19
A corriger de manière urgente,166,2018-02-19
Satisfaisant,16934,2018-02-19
Très satisfaisant,20448,2018-02-19
A améliorer,1816,2018-02-20
A corriger de manière urgente,167,2018-02-20
Satisfaisant,17024,2018-02-20
Très satisfaisant,20548,2018-02-20
A améliorer,1835,2018-02-21
A corriger de manière urgente,172,2018-02-21
Satisfaisant,17095,2018-02-21
Très satisfaisant,20623,2018-02-21
A améliorer,1849,2018-02-22
A corriger de manière urgente,174,2018-02-22
Satisfaisant,17168,2018-02-22
Très satisfaisant,20717,2018-02-22
A améliorer,1856,2018-02-23
A corriger de manière urgente,173,2018-02-23
Satisfaisant,17260,2018-02-23
Très satisfaisant,20783,2018-02-23
A améliorer,1878,2018-02-24
A corriger de manière urgente,175,2018-02-24
Satisfaisant,17316,2018-02-24
Très satisfaisant,20783,2018-02-24
A améliorer,1869,2018-02-25
A corriger de manière urgente,173,2018-02-25
Satisfaisant,17331,2018-02-25
Très satisfaisant,20843,2018-02-25
A améliorer,1866,2018-02-26
A corriger de manière urgente,173,2018-02-26
Satisfaisant,17331,2018-02-26
Très satisfaisant,20845,2018-02-26
A améliorer,1874,2018-02-27
A corriger de manière urgente,174,2018-02-27
Satisfaisant,17430,2018-02-27
Très satisfaisant,20909,2018-02-27
A améliorer,1887,2018-02-28
A corriger de manière urgente,172,2018-02-28
Satisfaisant,17476,2018-02-28
Très satisfaisant,20975,2018-02-28
A améliorer,1888,2018-03-01
A corriger de manière urgente,172,2018-03-01
Satisfaisant,17518,2018-03-01
Très satisfaisant,20946,2018-03-01
A améliorer,1886,2018-03-02
A corriger de manière urgente,166,2018-03-02
Satisfaisant,17715,2018-03-02
Très satisfaisant,20717,2018-03-02
A améliorer,1904,2018-03-03
A corriger de manière urgente,165,2018-03-03
Satisfaisant,17728,2018-03-03
Très satisfaisant,20660,2018-03-03
A améliorer,1886,2018-03-04
A corriger de manière urgente,166,2018-03-04
Satisfaisant,17802,2018-03-04
Très satisfaisant,20666,2018-03-04
A améliorer,1886,2018-03-05
A corriger de manière urgente,166,2018-03-05
Satisfaisant,17802,2018-03-05
Très satisfaisant,20666,2018-03-05
A améliorer,1893,2018-03-06
A corriger de manière urgente,166,2018-03-06
Satisfaisant,18015,2018-03-06
Très satisfaisant,20542,2018-03-06
A améliorer,1909,2018-03-07
A corriger de manière urgente,166,2018-03-07
Satisfaisant,18020,2018-03-07
Très satisfaisant,20397,2018-03-07
A améliorer,1899,2018-03-08
A corriger de manière urgente,164,2018-03-08
Satisfaisant,18062,2018-03-08
Très satisfaisant,20335,2018-03-08
A améliorer,1899,2018-03-09
A corriger de manière urgente,163,2018-03-09
Satisfaisant,18065,2018-03-09
Très satisfaisant,20301,2018-03-09
A améliorer,1916,2018-03-10
A corriger de manière urgente,164,2018-03-10
Satisfaisant,18070,2018-03-10
Très satisfaisant,20207,2018-03-10
A améliorer,1900,2018-03-11
A corriger de manière urgente,163,2018-03-11
Satisfaisant,18099,2018-03-11
Très satisfaisant,20275,2018-03-11
A améliorer,1901,2018-03-12
A corriger de manière urgente,163,2018-03-12
Satisfaisant,18095,2018-03-12
Très satisfaisant,20271,2018-03-12
A améliorer,1921,2018-03-13
A corriger de manière urgente,163,2018-03-13
Satisfaisant,19208,2018-03-13
Très satisfaisant,19075,2018-03-13
A améliorer,1917,2018-03-14
A corriger de manière urgente,164,2018-03-14
Satisfaisant,19211,2018-03-14
Très satisfaisant,19055,2018-03-14
A améliorer,1903,2018-03-15
A corriger de manière urgente,163,2018-03-15
Satisfaisant,19258,2018-03-15
Très satisfaisant,19163,2018-03-15
A améliorer,1902,2018-03-16
A corriger de manière urgente,162,2018-03-16
Satisfaisant,19235,2018-03-16
Très satisfaisant,19119,2018-03-16
A améliorer,1925,2018-03-17
A corriger de manière urgente,164,2018-03-17
Satisfaisant,19244,2018-03-17
Très satisfaisant,18878,2018-03-17
A améliorer,1912,2018-03-18
A corriger de manière urgente,163,2018-03-18
Satisfaisant,19260,2018-03-18
Très satisfaisant,18942,2018-03-18
A améliorer,1911,2018-03-19
A corriger de manière urgente,163,2018-03-19
Satisfaisant,19249,2018-03-19
Très satisfaisant,18935,2018-03-19
A améliorer,1912,2018-03-20
A corriger de manière urgente,158,2018-03-20
Satisfaisant,19279,2018-03-20
Très satisfaisant,18959,2018-03-20
A améliorer,1916,2018-03-21
A corriger de manière urgente,158,2018-03-21
Satisfaisant,19217,2018-03-21
Très satisfaisant,18932,2018-03-21
A améliorer,1913,2018-03-22
A corriger de manière urgente,157,2018-03-22
Satisfaisant,19214,2018-03-22
Très satisfaisant,18946,2018-03-22
A améliorer,1920,2018-03-23
A corriger de manière urgente,154,2018-03-23
Satisfaisant,19201,2018-03-23
Très satisfaisant,18891,2018-03-23
A améliorer,1944,2018-03-24
A corriger de manière urgente,156,2018-03-24
Satisfaisant,19227,2018-03-24
Très satisfaisant,18827,2018-03-24
A améliorer,1928,2018-03-25
A corriger de manière urgente,155,2018-03-25
Satisfaisant,19227,2018-03-25
Très satisfaisant,18910,2018-03-25
A améliorer,1926,2018-03-26
A corriger de manière urgente,155,2018-03-26
Satisfaisant,19227,2018-03-26
Très satisfaisant,18913,2018-03-26
A améliorer,1912,2018-03-27
A corriger de manière urgente,154,2018-03-27
Satisfaisant,19284,2018-03-27
Très satisfaisant,18936,2018-03-27
A améliorer,1889,2018-03-28
A corriger de manière urgente,148,2018-03-28
Satisfaisant,19210,2018-03-28
Très satisfaisant,18878,2018-03-28
A améliorer,1903,2018-03-29
A corriger de manière urgente,151,2018-03-29
Satisfaisant,19221,2018-03-29
Très satisfaisant,18810,2018-03-29
A améliorer,1920,2018-03-30
A corriger de manière urgente,151,2018-03-30
Satisfaisant,19207,2018-03-30
Très satisfaisant,18720,2018-03-30
A améliorer,1936,2018-03-31
A corriger de manière urgente,153,2018-03-31
Satisfaisant,19216,2018-03-31
Très satisfaisant,18672,2018-03-31
A améliorer,1936,2018-04-01
A corriger de manière urgente,153,2018-04-01
Satisfaisant,19213,2018-04-01
Très satisfaisant,18670,2018-04-01
A améliorer,1936,2018-04-02
A corriger de manière urgente,153,2018-04-02
Satisfaisant,19213,2018-04-02
Très satisfaisant,18670,2018-04-02
A améliorer,1957,2018-04-03
A corriger de manière urgente,154,2018-04-03
Satisfaisant,19256,2018-04-03
Très satisfaisant,18596,2018-04-03
A améliorer,1919,2018-04-04
A corriger de manière urgente,151,2018-04-04
Satisfaisant,19263,2018-04-04
Très satisfaisant,18665,2018-04-04
A améliorer,1914,2018-04-05
A corriger de manière urgente,152,2018-04-05
Satisfaisant,19282,2018-04-05
Très satisfaisant,18671,2018-04-05
A améliorer,1931,2018-04-06
A corriger de manière urgente,153,2018-04-06
Satisfaisant,19246,2018-04-06
Très satisfaisant,18578,2018-04-06
A améliorer,1930,2018-04-07
A corriger de manière urgente,104,2018-04-07
Satisfaisant,19276,2018-04-07
Très satisfaisant,18665,2018-04-07
A améliorer,1930,2018-04-08
A corriger de manière urgente,104,2018-04-08
Satisfaisant,19275,2018-04-08
Très satisfaisant,18662,2018-04-08
A améliorer,1930,2018-04-09
A corriger de manière urgente,104,2018-04-09
Satisfaisant,19275,2018-04-09
Très satisfaisant,18662,2018-04-09
A améliorer,1955,2018-04-10
A corriger de manière urgente,104,2018-04-10
Satisfaisant,19313,2018-04-10
Très satisfaisant,18613,2018-04-10
A améliorer,1973,2018-04-11
A corriger de manière urgente,105,2018-04-11
Satisfaisant,19318,2018-04-11
Très satisfaisant,18540,2018-04-11
A améliorer,1991,2018-04-12
A corriger de manière urgente,104,2018-04-12
Satisfaisant,19327,2018-04-12
Très satisfaisant,18478,2018-04-12
A améliorer,1954,2018-04-13
A corriger de manière urgente,102,2018-04-13
Satisfaisant,19342,2018-04-13
Très satisfaisant,18682,2018-04-13
A améliorer,1970,2018-04-14
A corriger de manière urgente,103,2018-04-14
Satisfaisant,19391,2018-04-14
Très satisfaisant,18647,2018-04-14
A améliorer,1970,2018-04-15
A corriger de manière urgente,103,2018-04-15
Satisfaisant,19389,2018-04-15
Très satisfaisant,18647,2018-04-15
A améliorer,1970,2018-04-16
A corriger de manière urgente,103,2018-04-16
Satisfaisant,19389,2018-04-16
Très satisfaisant,18647,2018-04-16
A améliorer,1961,2018-04-17
A corriger de manière urgente,102,2018-04-17
Satisfaisant,19484,2018-04-17
Très satisfaisant,18761,2018-04-17
A améliorer,1989,2018-04-18
A corriger de manière urgente,103,2018-04-18
Satisfaisant,19510,2018-04-18
Très satisfaisant,18722,2018-04-18
A améliorer,2002,2018-04-19
A corriger de manière urgente,103,2018-04-19
Satisfaisant,19487,2018-04-19
Très satisfaisant,18674,2018-04-19
A améliorer,1973,2018-04-20
A corriger de manière urgente,104,2018-04-20
Satisfaisant,19531,2018-04-20
Très satisfaisant,18804,2018-04-20
A améliorer,2006,2018-04-21
A corriger de manière urgente,105,2018-04-21
Satisfaisant,19534,2018-04-21
Très satisfaisant,18757,2018-04-21
A améliorer,2006,2018-04-22
A corriger de manière urgente,105,2018-04-22
Satisfaisant,19534,2018-04-22
Très satisfaisant,18757,2018-04-22
A améliorer,2006,2018-04-23
A corriger de manière urgente,105,2018-04-23
Satisfaisant,19534,2018-04-23
Très satisfaisant,18757,2018-04-23
A améliorer,2006,2018-04-24
A corriger de manière urgente,105,2018-04-24
Satisfaisant,19475,2018-04-24
Très satisfaisant,18710,2018-04-24
A améliorer,2018,2018-04-27
A corriger de manière urgente,108,2018-04-27
Satisfaisant,19428,2018-04-27
Très satisfaisant,18649,2018-04-27
A améliorer,2040,2018-04-28
A corriger de manière urgente,110,2018-04-28
Satisfaisant,19453,2018-04-28
Très satisfaisant,18563,2018-04-28
A améliorer,2040,2018-04-29
A corriger de manière urgente,110,2018-04-29
Satisfaisant,19453,2018-04-29
Très satisfaisant,18563,2018-04-29
A améliorer,2040,2018-04-30
A corriger de manière urgente,110,2018-04-30
Satisfaisant,19453,2018-04-30
Très satisfaisant,18563,2018-04-30
A améliorer,2066,2018-05-01
A corriger de manière urgente,112,2018-05-01
Satisfaisant,19539,2018-05-01
Très satisfaisant,18569,2018-05-01
A améliorer,2092,2018-05-02
A corriger de manière urgente,115,2018-05-02
Satisfaisant,19542,2018-05-02
Très satisfaisant,18513,2018-05-02
A améliorer,2106,2018-05-03
A corriger de manière urgente,115,2018-05-03
Satisfaisant,19539,2018-05-03
Très satisfaisant,18438,2018-05-03
A améliorer,2122,2018-05-04
A corriger de manière urgente,115,2018-05-04
Satisfaisant,19501,2018-05-04
Très satisfaisant,18323,2018-05-04
A améliorer,2137,2018-05-05
A corriger de manière urgente,116,2018-05-05
Satisfaisant,19513,2018-05-05
Très satisfaisant,18252,2018-05-05
A améliorer,2137,2018-05-06
A corriger de manière urgente,116,2018-05-06
Satisfaisant,19515,2018-05-06
Très satisfaisant,18252,2018-05-06
A améliorer,2137,2018-05-07
A corriger de manière urgente,116,2018-05-07
Satisfaisant,19516,2018-05-07
Très satisfaisant,18252,2018-05-07
A améliorer,2035,2018-05-08
A corriger de manière urgente,113,2018-05-08
Satisfaisant,19655,2018-05-08
Très satisfaisant,18750,2018-05-08
A améliorer,2056,2018-05-09
A corriger de manière urgente,115,2018-05-09
Satisfaisant,19656,2018-05-09
Très satisfaisant,18688,2018-05-09
A améliorer,2065,2018-05-10
A corriger de manière urgente,115,2018-05-10
Satisfaisant,19634,2018-05-10
Très satisfaisant,18601,2018-05-10
A améliorer,2077,2018-05-11
A corriger de manière urgente,114,2018-05-11
Satisfaisant,19583,2018-05-11
Très satisfaisant,18484,2018-05-11
A améliorer,2096,2018-05-12
A corriger de manière urgente,113,2018-05-12
Satisfaisant,19584,2018-05-12
Très satisfaisant,18438,2018-05-12
A améliorer,2096,2018-05-13
A corriger de manière urgente,113,2018-05-13
Satisfaisant,19584,2018-05-13
Très satisfaisant,18438,2018-05-13
A améliorer,2096,2018-05-14
A corriger de manière urgente,113,2018-05-14
Satisfaisant,19579,2018-05-14
Très satisfaisant,18437,2018-05-14
A améliorer,2124,2018-05-15
A corriger de manière urgente,114,2018-05-15
Satisfaisant,19592,2018-05-15
Très satisfaisant,18371,2018-05-15
A améliorer,2097,2018-05-16
A corriger de manière urgente,111,2018-05-16
Satisfaisant,19564,2018-05-16
Très satisfaisant,18421,2018-05-16
A améliorer,2118,2018-05-17
A corriger de manière urgente,114,2018-05-17
Satisfaisant,19545,2018-05-17
Très satisfaisant,18336,2018-05-17
A améliorer,2096,2018-05-18
A corriger de manière urgente,115,2018-05-18
Satisfaisant,19567,2018-05-18
Très satisfaisant,18402,2018-05-18
A améliorer,2103,2018-05-19
A corriger de manière urgente,119,2018-05-19
Satisfaisant,19553,2018-05-19
Très satisfaisant,18365,2018-05-19
A améliorer,2103,2018-05-20
A corriger de manière urgente,119,2018-05-20
Satisfaisant,19551,2018-05-20
Très satisfaisant,18365,2018-05-20
A améliorer,2103,2018-05-21
A corriger de manière urgente,119,2018-05-21
Satisfaisant,19550,2018-05-21
Très satisfaisant,18364,2018-05-21
A améliorer,2104,2018-05-22
A corriger de manière urgente,118,2018-05-22
Satisfaisant,19510,2018-05-22
Très satisfaisant,18307,2018-05-22
A améliorer,2058,2018-05-23
A corriger de manière urgente,113,2018-05-23
Satisfaisant,19436,2018-05-23
Très satisfaisant,18323,2018-05-23
A améliorer,2048,2018-05-24
A corriger de manière urgente,112,2018-05-24
Satisfaisant,19477,2018-05-24
Très satisfaisant,18321,2018-05-24
A améliorer,2051,2018-05-25
A corriger de manière urgente,113,2018-05-25
Satisfaisant,19564,2018-05-25
Très satisfaisant,18383,2018-05-25
A améliorer,2078,2018-05-26
A corriger de manière urgente,114,2018-05-26
Satisfaisant,19637,2018-05-26
Très satisfaisant,18389,2018-05-26
A améliorer,2059,2018-05-27
A corriger de manière urgente,115,2018-05-27
Satisfaisant,19644,2018-05-27
Très satisfaisant,18440,2018-05-27
A améliorer,2059,2018-05-28
A corriger de manière urgente,115,2018-05-28
Satisfaisant,19639,2018-05-28
Très satisfaisant,18435,2018-05-28
A améliorer,2044,2018-05-29
A corriger de manière urgente,116,2018-05-29
Satisfaisant,19673,2018-05-29
Très satisfaisant,18485,2018-05-29
A améliorer,2051,2018-05-30
A corriger de manière urgente,116,2018-05-30
Satisfaisant,19603,2018-05-30
Très satisfaisant,18399,2018-05-30
A améliorer,2026,2018-05-31
A corriger de manière urgente,115,2018-05-31
Satisfaisant,19545,2018-05-31
Très satisfaisant,18417,2018-05-31
A améliorer,2012,2018-06-01
A corriger de manière urgente,115,2018-06-01
Satisfaisant,19444,2018-06-01
Très satisfaisant,18400,2018-06-01
A améliorer,2021,2018-06-02
A corriger de manière urgente,115,2018-06-02
Satisfaisant,19397,2018-06-02
Très satisfaisant,18328,2018-06-02
A améliorer,1999,2018-06-03
A corriger de manière urgente,115,2018-06-03
Satisfaisant,19391,2018-06-03
Très satisfaisant,18390,2018-06-03
A améliorer,1999,2018-06-04
A corriger de manière urgente,115,2018-06-04
Satisfaisant,19383,2018-06-04
Très satisfaisant,18385,2018-06-04
A améliorer,2005,2018-06-05
A corriger de manière urgente,116,2018-06-05
Satisfaisant,19459,2018-06-05
Très satisfaisant,18470,2018-06-05
A améliorer,2019,2018-06-06
A corriger de manière urgente,116,2018-06-06
Satisfaisant,19437,2018-06-06
Très satisfaisant,18414,2018-06-06
A améliorer,2006,2018-06-07
A corriger de manière urgente,115,2018-06-07
Satisfaisant,19436,2018-06-07
Très satisfaisant,18479,2018-06-07
A améliorer,2008,2018-06-08
A corriger de manière urgente,114,2018-06-08
Satisfaisant,19414,2018-06-08
Très satisfaisant,18428,2018-06-08
A améliorer,2030,2018-06-09
A corriger de manière urgente,116,2018-06-09
Satisfaisant,19406,2018-06-09
Très satisfaisant,18372,2018-06-09
A améliorer,2007,2018-06-10
A corriger de manière urgente,117,2018-06-10
Satisfaisant,19404,2018-06-10
Très satisfaisant,18447,2018-06-10
A améliorer,2007,2018-06-11
A corriger de manière urgente,117,2018-06-11
Satisfaisant,19401,2018-06-11
Très satisfaisant,18445,2018-06-11
A améliorer,1995,2018-06-12
A corriger de manière urgente,117,2018-06-12
Satisfaisant,19342,2018-06-12
Très satisfaisant,18443,2018-06-12
A améliorer,2013,2018-06-13
A corriger de manière urgente,118,2018-06-13
Satisfaisant,19275,2018-06-13
Très satisfaisant,18348,2018-06-13
A améliorer,1991,2018-06-14
A corriger de manière urgente,119,2018-06-14
Satisfaisant,19293,2018-06-14
Très satisfaisant,18392,2018-06-14
A améliorer,2008,2018-06-15
A corriger de manière urgente,122,2018-06-15
Satisfaisant,19241,2018-06-15
Très satisfaisant,18284,2018-06-15
A améliorer,2040,2018-06-16
A corriger de manière urgente,122,2018-06-16
Satisfaisant,19263,2018-06-16
Très satisfaisant,18232,2018-06-16
A améliorer,2024,2018-06-17
A corriger de manière urgente,119,2018-06-17
Satisfaisant,19281,2018-06-17
Très satisfaisant,18377,2018-06-17
A améliorer,2022,2018-06-18
A corriger de manière urgente,119,2018-06-18
Satisfaisant,19266,2018-06-18
Très satisfaisant,18357,2018-06-18
A améliorer,2049,2018-06-19
A corriger de manière urgente,120,2018-06-19
Satisfaisant,19297,2018-06-19
Très satisfaisant,18340,2018-06-19
A améliorer,2073,2018-06-20
A corriger de manière urgente,120,2018-06-20
Satisfaisant,19244,2018-06-20
Très satisfaisant,18243,2018-06-20
A améliorer,2053,2018-06-21
A corriger de manière urgente,120,2018-06-21
Satisfaisant,19251,2018-06-21
Très satisfaisant,18344,2018-06-21
A améliorer,2059,2018-06-22
A corriger de manière urgente,122,2018-06-22
Satisfaisant,19206,2018-06-22
Très satisfaisant,18331,2018-06-22
A améliorer,2081,2018-06-23
A corriger de manière urgente,123,2018-06-23
Satisfaisant,19199,2018-06-23
Très satisfaisant,18267,2018-06-23
A améliorer,2057,2018-06-24
A corriger de manière urgente,122,2018-06-24
Satisfaisant,19198,2018-06-24
Très satisfaisant,18317,2018-06-24
A améliorer,2056,2018-06-25
A corriger de manière urgente,122,2018-06-25
Satisfaisant,19189,2018-06-25
Très satisfaisant,18309,2018-06-25
A améliorer,2078,2018-06-26
A corriger de manière urgente,122,2018-06-26
Satisfaisant,19203,2018-06-26
Très satisfaisant,18253,2018-06-26
A améliorer,2035,2018-06-27
A corriger de manière urgente,120,2018-06-27
Satisfaisant,19220,2018-06-27
Très satisfaisant,18280,2018-06-27
A améliorer,2028,2018-06-28
A corriger de manière urgente,118,2018-06-28
Satisfaisant,19213,2018-06-28
Très satisfaisant,18277,2018-06-28
A améliorer,2025,2018-06-29
A corriger de manière urgente,118,2018-06-29
Satisfaisant,19205,2018-06-29
Très satisfaisant,18264,2018-06-29
A améliorer,2040,2018-06-30
A corriger de manière urgente,122,2018-06-30
Satisfaisant,19223,2018-06-30
Très satisfaisant,18224,2018-06-30
A améliorer,2013,2018-07-01
A corriger de manière urgente,121,2018-07-01
Satisfaisant,19228,2018-07-01
Très satisfaisant,18272,2018-07-01
A améliorer,2013,2018-07-02
A corriger de manière urgente,121,2018-07-02
Satisfaisant,19223,2018-07-02
Très satisfaisant,18263,2018-07-02
A améliorer,2009,2018-07-03
A corriger de manière urgente,120,2018-07-03
Satisfaisant,19254,2018-07-03
Très satisfaisant,18289,2018-07-03
A améliorer,2017,2018-07-04
A corriger de manière urgente,121,2018-07-04
Satisfaisant,19222,2018-07-04
Très satisfaisant,18181,2018-07-04
A améliorer,1985,2018-07-05
A corriger de manière urgente,122,2018-07-05
Satisfaisant,19225,2018-07-05
Très satisfaisant,18295,2018-07-05
A améliorer,2003,2018-07-06
A corriger de manière urgente,124,2018-07-06
Satisfaisant,19162,2018-07-06
Très satisfaisant,18159,2018-07-06
A améliorer,2028,2018-07-07
A corriger de manière urgente,127,2018-07-07
Satisfaisant,19178,2018-07-07
Très satisfaisant,18079,2018-07-07
A améliorer,2026,2018-07-08
A corriger de manière urgente,127,2018-07-08
Satisfaisant,19160,2018-07-08
Très satisfaisant,18067,2018-07-08
A améliorer,2026,2018-07-09
A corriger de manière urgente,127,2018-07-09
Satisfaisant,19159,2018-07-09
Très satisfaisant,18058,2018-07-09
A améliorer,1975,2018-07-10
A corriger de manière urgente,124,2018-07-10
Satisfaisant,19218,2018-07-10
Très satisfaisant,18204,2018-07-10
A améliorer,1990,2018-07-11
A corriger de manière urgente,128,2018-07-11
Satisfaisant,19174,2018-07-11
Très satisfaisant,18095,2018-07-11
A améliorer,2000,2018-07-12
A corriger de manière urgente,130,2018-07-12
Satisfaisant,19173,2018-07-12
Très satisfaisant,18093,2018-07-12
A améliorer,2004,2018-07-13
A corriger de manière urgente,129,2018-07-13
Satisfaisant,19199,2018-07-13
Très satisfaisant,18097,2018-07-13
A améliorer,2034,2018-07-14
A corriger de manière urgente,130,2018-07-14
Satisfaisant,19273,2018-07-14
Très satisfaisant,18112,2018-07-14
A améliorer,2034,2018-07-15
A corriger de manière urgente,130,2018-07-15
Satisfaisant,19273,2018-07-15
Très satisfaisant,18112,2018-07-15
A améliorer,2034,2018-07-16
A corriger de manière urgente,130,2018-07-16
Satisfaisant,19273,2018-07-16
Très satisfaisant,18108,2018-07-16
A améliorer,2029,2018-07-17
A corriger de manière urgente,131,2018-07-17
Satisfaisant,19365,2018-07-17
Très satisfaisant,18212,2018-07-17
A améliorer,2035,2018-07-18
A corriger de manière urgente,133,2018-07-18
Satisfaisant,19323,2018-07-18
Très satisfaisant,18288,2018-07-18
A améliorer,2038,2018-07-19
A corriger de manière urgente,136,2018-07-19
Satisfaisant,19303,2018-07-19
Très satisfaisant,18288,2018-07-19
A améliorer,2040,2018-07-20
A corriger de manière urgente,135,2018-07-20
Satisfaisant,19253,2018-07-20
Très satisfaisant,18285,2018-07-20
A améliorer,2066,2018-07-21
A corriger de manière urgente,137,2018-07-21
Satisfaisant,19301,2018-07-21
Très satisfaisant,18246,2018-07-21
A améliorer,2041,2018-07-22
A corriger de manière urgente,134,2018-07-22
Satisfaisant,19317,2018-07-22
Très satisfaisant,18325,2018-07-22
A améliorer,2040,2018-07-23
A corriger de manière urgente,134,2018-07-23
Satisfaisant,19308,2018-07-23
Très satisfaisant,18292,2018-07-23
A améliorer,2045,2018-07-24
A corriger de manière urgente,133,2018-07-24
Satisfaisant,19363,2018-07-24
Très satisfaisant,18347,2018-07-24
A améliorer,2041,2018-07-25
A corriger de manière urgente,135,2018-07-25
Satisfaisant,19335,2018-07-25
Très satisfaisant,18338,2018-07-25
A améliorer,2055,2018-07-26
A corriger de manière urgente,135,2018-07-26
Satisfaisant,19369,2018-07-26
Très satisfaisant,18293,2018-07-26
A améliorer,2044,2018-07-27
A corriger de manière urgente,139,2018-07-27
Satisfaisant,19369,2018-07-27
Très satisfaisant,18297,2018-07-27
A améliorer,2058,2018-07-28
A corriger de manière urgente,139,2018-07-28
Satisfaisant,19377,2018-07-28
Très satisfaisant,18323,2018-07-28
A améliorer,2034,2018-07-29
A corriger de manière urgente,140,2018-07-29
Satisfaisant,19390,2018-07-29
Très satisfaisant,18419,2018-07-29
A améliorer,2034,2018-07-30
A corriger de manière urgente,139,2018-07-30
Satisfaisant,19384,2018-07-30
Très satisfaisant,18410,2018-07-30
A améliorer,2043,2018-07-31
A corriger de manière urgente,138,2018-07-31
Satisfaisant,19449,2018-07-31
Très satisfaisant,18470,2018-07-31
A améliorer,2058,2018-08-01
A corriger de manière urgente,139,2018-08-01
Satisfaisant,19433,2018-08-01
Très satisfaisant,18384,2018-08-01
A améliorer,2079,2018-08-02
A corriger de manière urgente,140,2018-08-02
Satisfaisant,19419,2018-08-02
Très satisfaisant,18369,2018-08-02
A améliorer,2095,2018-08-03
A corriger de manière urgente,142,2018-08-03
Satisfaisant,19439,2018-08-03
Très satisfaisant,18394,2018-08-03
A améliorer,2114,2018-08-04
A corriger de manière urgente,141,2018-08-04
Satisfaisant,19459,2018-08-04
Très satisfaisant,18411,2018-08-04
A améliorer,2114,2018-08-05
A corriger de manière urgente,141,2018-08-05
Satisfaisant,19456,2018-08-05
Très satisfaisant,18409,2018-08-05
A améliorer,2106,2018-08-06
A corriger de manière urgente,141,2018-08-06
Satisfaisant,19462,2018-08-06
Très satisfaisant,18480,2018-08-06
A améliorer,2129,2018-08-07
A corriger de manière urgente,142,2018-08-07
Satisfaisant,19502,2018-08-07
Très satisfaisant,18464,2018-08-07
A améliorer,2131,2018-08-08
A corriger de manière urgente,141,2018-08-08
Satisfaisant,19497,2018-08-08
Très satisfaisant,18471,2018-08-08
A améliorer,2132,2018-08-09
A corriger de manière urgente,145,2018-08-09
Satisfaisant,19476,2018-08-09
Très satisfaisant,18495,2018-08-09
A améliorer,2151,2018-08-10
A corriger de manière urgente,146,2018-08-10
Satisfaisant,19486,2018-08-10
Très satisfaisant,18454,2018-08-10
A améliorer,2150,2018-08-11
A corriger de manière urgente,145,2018-08-11
Satisfaisant,19524,2018-08-11
Très satisfaisant,18567,2018-08-11
A améliorer,2150,2018-08-12
A corriger de manière urgente,145,2018-08-12
Satisfaisant,19522,2018-08-12
Très satisfaisant,18567,2018-08-12
A améliorer,2140,2018-08-13
A corriger de manière urgente,143,2018-08-13
Satisfaisant,19531,2018-08-13
Très satisfaisant,18614,2018-08-13
A améliorer,2154,2018-08-14
A corriger de manière urgente,144,2018-08-14
Satisfaisant,19607,2018-08-14
Très satisfaisant,18622,2018-08-14
A améliorer,2175,2018-08-15
A corriger de manière urgente,143,2018-08-15
Satisfaisant,19685,2018-08-15
Très satisfaisant,18674,2018-08-15
A améliorer,2183,2018-08-16
A corriger de manière urgente,143,2018-08-16
Satisfaisant,19718,2018-08-16
Très satisfaisant,18723,2018-08-16
A améliorer,2198,2018-08-17
A corriger de manière urgente,144,2018-08-17
Satisfaisant,19745,2018-08-17
Très satisfaisant,18681,2018-08-17
A améliorer,2200,2018-08-18
A corriger de manière urgente,145,2018-08-18
Satisfaisant,19824,2018-08-18
Très satisfaisant,18710,2018-08-18
A améliorer,2196,2018-08-19
A corriger de manière urgente,145,2018-08-19
Satisfaisant,19820,2018-08-19
Très satisfaisant,18701,2018-08-19
A améliorer,2178,2018-08-20
A corriger de manière urgente,144,2018-08-20
Satisfaisant,19859,2018-08-20
Très satisfaisant,18778,2018-08-20
A améliorer,2195,2018-08-21
A corriger de manière urgente,146,2018-08-21
Satisfaisant,19883,2018-08-21
Très satisfaisant,18756,2018-08-21
A améliorer,2221,2018-08-22
A corriger de manière urgente,147,2018-08-22
Satisfaisant,19844,2018-08-22
Très satisfaisant,18668,2018-08-22
A améliorer,2239,2018-08-23
A corriger de manière urgente,146,2018-08-23
Satisfaisant,19838,2018-08-23
Très satisfaisant,18619,2018-08-23
A améliorer,2255,2018-08-24
A corriger de manière urgente,146,2018-08-24
Satisfaisant,19816,2018-08-24
Très satisfaisant,18552,2018-08-24
A améliorer,2277,2018-08-25
A corriger de manière urgente,146,2018-08-25
Satisfaisant,19869,2018-08-25
Très satisfaisant,18524,2018-08-25
A améliorer,2277,2018-08-26
A corriger de manière urgente,145,2018-08-26
Satisfaisant,19864,2018-08-26
Très satisfaisant,18520,2018-08-26
A améliorer,2279,2018-08-27
A corriger de manière urgente,145,2018-08-27
Satisfaisant,19864,2018-08-27
Très satisfaisant,18519,2018-08-27
A améliorer,2300,2018-08-28
A corriger de manière urgente,147,2018-08-28
Satisfaisant,19928,2018-08-28
Très satisfaisant,18492,2018-08-28
A améliorer,2326,2018-08-29
A corriger de manière urgente,148,2018-08-29
Satisfaisant,19930,2018-08-29
Très satisfaisant,18457,2018-08-29
A améliorer,2335,2018-08-30
A corriger de manière urgente,151,2018-08-30
Satisfaisant,19943,2018-08-30
Très satisfaisant,18408,2018-08-30
A améliorer,2355,2018-08-31
A corriger de manière urgente,154,2018-08-31
Satisfaisant,19950,2018-08-31
Très satisfaisant,18356,2018-08-31
A améliorer,2382,2018-09-01
A corriger de manière urgente,154,2018-09-01
Satisfaisant,20005,2018-09-01
Très satisfaisant,18346,2018-09-01
A améliorer,2382,2018-09-02
A corriger de manière urgente,154,2018-09-02
Satisfaisant,20004,2018-09-02
Très satisfaisant,18340,2018-09-02
A améliorer,2381,2018-09-03
A corriger de manière urgente,154,2018-09-03
Satisfaisant,20004,2018-09-03
Très satisfaisant,18340,2018-09-03
A améliorer,2404,2018-09-04
A corriger de manière urgente,156,2018-09-04
Satisfaisant,20065,2018-09-04
Très satisfaisant,18310,2018-09-04
A améliorer,2434,2018-09-05
A corriger de manière urgente,157,2018-09-05
Satisfaisant,20050,2018-09-05
Très satisfaisant,18254,2018-09-05
A améliorer,2428,2018-09-06
A corriger de manière urgente,157,2018-09-06
Satisfaisant,19989,2018-09-06
Très satisfaisant,18198,2018-09-06
A améliorer,2456,2018-09-07
A corriger de manière urgente,157,2018-09-07
Satisfaisant,19994,2018-09-07
Très satisfaisant,18140,2018-09-07
A améliorer,2507,2018-09-08
A corriger de manière urgente,159,2018-09-08
Satisfaisant,20054,2018-09-08
Très satisfaisant,18119,2018-09-08
A améliorer,2506,2018-09-09
A corriger de manière urgente,159,2018-09-09
Satisfaisant,20053,2018-09-09
Très satisfaisant,18119,2018-09-09
A améliorer,2506,2018-09-10
A corriger de manière urgente,159,2018-09-10
Satisfaisant,20053,2018-09-10
Très satisfaisant,18119,2018-09-10
A améliorer,2506,2018-09-11
A corriger de manière urgente,158,2018-09-11
Satisfaisant,19999,2018-09-11
Très satisfaisant,18077,2018-09-11
A améliorer,2503,2018-09-12
A corriger de manière urgente,158,2018-09-12
Satisfaisant,19888,2018-09-12
Très satisfaisant,17980,2018-09-12
A améliorer,2498,2018-09-13
A corriger de manière urgente,158,2018-09-13
Satisfaisant,19821,2018-09-13
Très satisfaisant,17917,2018-09-13
A améliorer,2494,2018-09-14
A corriger de manière urgente,158,2018-09-14
Satisfaisant,19748,2018-09-14
Très satisfaisant,17840,2018-09-14
A améliorer,2491,2018-09-15
A corriger de manière urgente,157,2018-09-15
Satisfaisant,19694,2018-09-15
Très satisfaisant,17785,2018-09-15
A améliorer,2491,2018-09-16
A corriger de manière urgente,157,2018-09-16
Satisfaisant,19693,2018-09-16
Très satisfaisant,17785,2018-09-16
A améliorer,2490,2018-09-17
A corriger de manière urgente,157,2018-09-17
Satisfaisant,19686,2018-09-17
Très satisfaisant,17783,2018-09-17
A améliorer,2488,2018-09-18
A corriger de manière urgente,154,2018-09-18
Satisfaisant,19637,2018-09-18
Très satisfaisant,17738,2018-09-18
A améliorer,2260,2018-09-19
A corriger de manière urgente,150,2018-09-19
Satisfaisant,19804,2018-09-19
Très satisfaisant,18118,2018-09-19
A améliorer,2255,2018-09-20
A corriger de manière urgente,150,2018-09-20
Satisfaisant,19736,2018-09-20
Très satisfaisant,18056,2018-09-20
A améliorer,2249,2018-09-21
A corriger de manière urgente,148,2018-09-21
Satisfaisant,19627,2018-09-21
Très satisfaisant,17985,2018-09-21
A améliorer,2245,2018-09-22
A corriger de manière urgente,148,2018-09-22
Satisfaisant,19558,2018-09-22
Très satisfaisant,17908,2018-09-22
A améliorer,2146,2018-09-23
A corriger de manière urgente,145,2018-09-23
Satisfaisant,19719,2018-09-23
Très satisfaisant,18126,2018-09-23
A améliorer,2143,2018-09-24
A corriger de manière urgente,145,2018-09-24
Satisfaisant,19713,2018-09-24
Très satisfaisant,18121,2018-09-24
A améliorer,2140,2018-09-25
A corriger de manière urgente,145,2018-09-25
Satisfaisant,19667,2018-09-25
Très satisfaisant,18092,2018-09-25
A améliorer,2136,2018-09-26
A corriger de manière urgente,145,2018-09-26
Satisfaisant,19560,2018-09-26
Très satisfaisant,17984,2018-09-26
A améliorer,2081,2018-09-27
A corriger de manière urgente,144,2018-09-27
Satisfaisant,19499,2018-09-27
Très satisfaisant,18060,2018-09-27
A améliorer,2030,2018-09-28
A corriger de manière urgente,141,2018-09-28
Satisfaisant,19455,2018-09-28
Très satisfaisant,18080,2018-09-28
A améliorer,2067,2018-09-29
A corriger de manière urgente,145,2018-09-29
Satisfaisant,19483,2018-09-29
Très satisfaisant,18031,2018-09-29
A améliorer,2039,2018-09-30
A corriger de manière urgente,144,2018-09-30
Satisfaisant,19505,2018-09-30
Très satisfaisant,18096,2018-09-30
A améliorer,2058,2018-10-02
A corriger de manière urgente,145,2018-10-02
Satisfaisant,19609,2018-10-02
Très satisfaisant,18164,2018-10-02
A améliorer,2073,2018-10-03
A corriger de manière urgente,144,2018-10-03
Satisfaisant,19629,2018-10-03
Très satisfaisant,18113,2018-10-03
A améliorer,2071,2018-10-04
A corriger de manière urgente,141,2018-10-04
Satisfaisant,19701,2018-10-04
Très satisfaisant,18125,2018-10-04
A améliorer,2082,2018-10-05
A corriger de manière urgente,142,2018-10-05
Satisfaisant,19685,2018-10-05
Très satisfaisant,18106,2018-10-05
A améliorer,2106,2018-10-06
A corriger de manière urgente,143,2018-10-06
Satisfaisant,19673,2018-10-06
Très satisfaisant,18082,2018-10-06
A améliorer,2087,2018-10-07
A corriger de manière urgente,142,2018-10-07
Satisfaisant,19684,2018-10-07
Très satisfaisant,18139,2018-10-07
A améliorer,2086,2018-10-08
A corriger de manière urgente,142,2018-10-08
Satisfaisant,19682,2018-10-08
Très satisfaisant,18133,2018-10-08
A améliorer,2098,2018-10-09
A corriger de manière urgente,143,2018-10-09
Satisfaisant,19736,2018-10-09
Très satisfaisant,18182,2018-10-09
A améliorer,2101,2018-10-10
A corriger de manière urgente,143,2018-10-10
Satisfaisant,19722,2018-10-10
Très satisfaisant,18188,2018-10-10
A améliorer,2098,2018-10-11
A corriger de manière urgente,144,2018-10-11
Satisfaisant,19741,2018-10-11
Très satisfaisant,18175,2018-10-11
A améliorer,2128,2018-10-12
A corriger de manière urgente,145,2018-10-12
Satisfaisant,19694,2018-10-12
Très satisfaisant,18107,2018-10-12
A améliorer,2145,2018-10-13
A corriger de manière urgente,146,2018-10-13
Satisfaisant,19703,2018-10-13
Très satisfaisant,18029,2018-10-13
A améliorer,2096,2018-10-14
A corriger de manière urgente,145,2018-10-14
Satisfaisant,19731,2018-10-14
Très satisfaisant,18194,2018-10-14
A améliorer,2096,2018-10-15
A corriger de manière urgente,145,2018-10-15
Satisfaisant,19724,2018-10-15
Très satisfaisant,18183,2018-10-15
A améliorer,2085,2018-10-16
A corriger de manière urgente,144,2018-10-16
Satisfaisant,19766,2018-10-16
Très satisfaisant,18220,2018-10-16
A améliorer,2083,2018-10-17
A corriger de manière urgente,143,2018-10-17
Satisfaisant,19758,2018-10-17
Très satisfaisant,18224,2018-10-17
A améliorer,2082,2018-10-18
A corriger de manière urgente,145,2018-10-18
Satisfaisant,19776,2018-10-18
Très satisfaisant,18229,2018-10-18
A améliorer,2073,2018-10-19
A corriger de manière urgente,146,2018-10-19
Satisfaisant,19776,2018-10-19
Très satisfaisant,18208,2018-10-19
A améliorer,2097,2018-10-20
A corriger de manière urgente,150,2018-10-20
Satisfaisant,19808,2018-10-20
Très satisfaisant,18162,2018-10-20
A améliorer,2097,2018-10-21
A corriger de manière urgente,150,2018-10-21
Satisfaisant,19806,2018-10-21
Très satisfaisant,18162,2018-10-21
A améliorer,2097,2018-10-22
A corriger de manière urgente,150,2018-10-22
Satisfaisant,19803,2018-10-22
Très satisfaisant,18156,2018-10-22
A améliorer,2125,2018-10-23
A corriger de manière urgente,152,2018-10-23
Satisfaisant,19833,2018-10-23
Très satisfaisant,18145,2018-10-23
A améliorer,2086,2018-10-24
A corriger de manière urgente,147,2018-10-24
Satisfaisant,19885,2018-10-24
Très satisfaisant,18239,2018-10-24
A améliorer,2066,2018-10-25
A corriger de manière urgente,147,2018-10-25
Satisfaisant,19910,2018-10-25
Très satisfaisant,18290,2018-10-25
A améliorer,2060,2018-10-26
A corriger de manière urgente,148,2018-10-26
Satisfaisant,19904,2018-10-26
Très satisfaisant,18301,2018-10-26
A améliorer,2089,2018-10-27
A corriger de manière urgente,152,2018-10-27
Satisfaisant,19982,2018-10-27
Très satisfaisant,18280,2018-10-27
A améliorer,2062,2018-10-28
A corriger de manière urgente,149,2018-10-28
Satisfaisant,19984,2018-10-28
Très satisfaisant,18381,2018-10-28
A améliorer,2062,2018-10-29
A corriger de manière urgente,149,2018-10-29
Satisfaisant,19984,2018-10-29
Très satisfaisant,18380,2018-10-29
A améliorer,2062,2018-10-30
A corriger de manière urgente,147,2018-10-30
Satisfaisant,20073,2018-10-30
Très satisfaisant,18405,2018-10-30
A améliorer,2064,2018-10-31
A corriger de manière urgente,146,2018-10-31
Satisfaisant,20081,2018-10-31
Très satisfaisant,18407,2018-10-31
A améliorer,2081,2018-11-01
A corriger de manière urgente,147,2018-11-01
Satisfaisant,20167,2018-11-01
Très satisfaisant,18457,2018-11-01
A améliorer,2102,2018-11-02
A corriger de manière urgente,150,2018-11-02
Satisfaisant,20171,2018-11-02
Très satisfaisant,18436,2018-11-02
A améliorer,2110,2018-11-03
A corriger de manière urgente,150,2018-11-03
Satisfaisant,20208,2018-11-03
Très satisfaisant,18407,2018-11-03
A améliorer,2102,2018-11-04
A corriger de manière urgente,150,2018-11-04
Satisfaisant,20214,2018-11-04
Très satisfaisant,18415,2018-11-04
A améliorer,2102,2018-11-05
A corriger de manière urgente,150,2018-11-05
Satisfaisant,20210,2018-11-05
Très satisfaisant,18409,2018-11-05
A améliorer,2097,2018-11-06
A corriger de manière urgente,151,2018-11-06
Satisfaisant,20239,2018-11-06
Très satisfaisant,18463,2018-11-06
A améliorer,2103,2018-11-07
A corriger de manière urgente,147,2018-11-07
Satisfaisant,20210,2018-11-07
Très satisfaisant,18367,2018-11-07
A améliorer,2109,2018-11-08
A corriger de manière urgente,146,2018-11-08
Satisfaisant,20253,2018-11-08
Très satisfaisant,18342,2018-11-08
A améliorer,2114,2018-11-09
A corriger de manière urgente,144,2018-11-09
Satisfaisant,20241,2018-11-09
Très satisfaisant,18290,2018-11-09
A améliorer,2113,2018-11-10
A corriger de manière urgente,144,2018-11-10
Satisfaisant,20181,2018-11-10
Très satisfaisant,18244,2018-11-10
A améliorer,2098,2018-11-11
A corriger de manière urgente,143,2018-11-11
Satisfaisant,20183,2018-11-11
Très satisfaisant,18301,2018-11-11
A améliorer,2096,2018-11-12
A corriger de manière urgente,143,2018-11-12
Satisfaisant,20180,2018-11-12
Très satisfaisant,18300,2018-11-12
A améliorer,2102,2018-11-13
A corriger de manière urgente,144,2018-11-13
Satisfaisant,20251,2018-11-13
Très satisfaisant,18335,2018-11-13
A améliorer,2104,2018-11-14
A corriger de manière urgente,144,2018-11-14
Satisfaisant,20199,2018-11-14
Très satisfaisant,18254,2018-11-14
A améliorer,2057,2018-11-15
A corriger de manière urgente,141,2018-11-15
Satisfaisant,20246,2018-11-15
Très satisfaisant,18306,2018-11-15
A améliorer,2054,2018-11-16
A corriger de manière urgente,142,2018-11-16
Satisfaisant,20210,2018-11-16
Très satisfaisant,18293,2018-11-16
A améliorer,2088,2018-11-17
A corriger de manière urgente,143,2018-11-17
Satisfaisant,20218,2018-11-17
Très satisfaisant,18240,2018-11-17
A améliorer,2075,2018-11-18
A corriger de manière urgente,143,2018-11-18
Satisfaisant,20244,2018-11-18
Très satisfaisant,18287,2018-11-18
A améliorer,2074,2018-11-19
A corriger de manière urgente,143,2018-11-19
Satisfaisant,20236,2018-11-19
Très satisfaisant,18280,2018-11-19
A améliorer,2060,2018-11-20
A corriger de manière urgente,146,2018-11-20
Satisfaisant,20253,2018-11-20
Très satisfaisant,18328,2018-11-20
A améliorer,2056,2018-11-21
A corriger de manière urgente,146,2018-11-21
Satisfaisant,20221,2018-11-21
Très satisfaisant,18300,2018-11-21
A améliorer,2045,2018-11-22
A corriger de manière urgente,146,2018-11-22
Satisfaisant,20208,2018-11-22
Très satisfaisant,18293,2018-11-22
A améliorer,2025,2018-11-23
A corriger de manière urgente,146,2018-11-23
Satisfaisant,20079,2018-11-23
Très satisfaisant,18239,2018-11-23
A améliorer,2013,2018-11-25
A corriger de manière urgente,151,2018-11-25
Satisfaisant,20072,2018-11-25
Très satisfaisant,18223,2018-11-25
A améliorer,2013,2018-11-26
A corriger de manière urgente,151,2018-11-26
Satisfaisant,20057,2018-11-26
Très satisfaisant,18215,2018-11-26
A améliorer,2004,2018-11-27
A corriger de manière urgente,151,2018-11-27
Satisfaisant,20098,2018-11-27
Très satisfaisant,18282,2018-11-27
A améliorer,1994,2018-11-28
A corriger de manière urgente,152,2018-11-28
Satisfaisant,20048,2018-11-28
Très satisfaisant,18240,2018-11-28
A améliorer,1987,2018-11-29
A corriger de manière urgente,153,2018-11-29
Satisfaisant,20078,2018-11-29
Très satisfaisant,18254,2018-11-29
A améliorer,1975,2018-11-30
A corriger de manière urgente,154,2018-11-30
Satisfaisant,20055,2018-11-30
Très satisfaisant,18237,2018-11-30
A améliorer,1993,2018-12-01
A corriger de manière urgente,156,2018-12-01
Satisfaisant,20057,2018-12-01
Très satisfaisant,18166,2018-12-01
A améliorer,1980,2018-12-02
A corriger de manière urgente,155,2018-12-02
Satisfaisant,20070,2018-12-02
Très satisfaisant,18215,2018-12-02
A améliorer,1979,2018-12-03
A corriger de manière urgente,155,2018-12-03
Satisfaisant,20069,2018-12-03
Très satisfaisant,18216,2018-12-03
A améliorer,1973,2018-12-04
A corriger de manière urgente,155,2018-12-04
Satisfaisant,20110,2018-12-04
Très satisfaisant,18263,2018-12-04
A améliorer,1972,2018-12-05
A corriger de manière urgente,155,2018-12-05
Satisfaisant,20062,2018-12-05
Très satisfaisant,18238,2018-12-05
A améliorer,1969,2018-12-06
A corriger de manière urgente,156,2018-12-06
Satisfaisant,20074,2018-12-06
Très satisfaisant,18253,2018-12-06
A améliorer,1973,2018-12-07
A corriger de manière urgente,154,2018-12-07
Satisfaisant,20006,2018-12-07
Très satisfaisant,18242,2018-12-07
A améliorer,1984,2018-12-08
A corriger de manière urgente,155,2018-12-08
Satisfaisant,19997,2018-12-08
Très satisfaisant,18167,2018-12-08
A améliorer,1984,2018-12-09
A corriger de manière urgente,155,2018-12-09
Satisfaisant,19995,2018-12-09
Très satisfaisant,18163,2018-12-09
A améliorer,1984,2018-12-10
A corriger de manière urgente,155,2018-12-10
Satisfaisant,19995,2018-12-10
Très satisfaisant,18163,2018-12-10
A améliorer,1986,2018-12-11
A corriger de manière urgente,155,2018-12-11
Satisfaisant,20041,2018-12-11
Très satisfaisant,18307,2018-12-11
A améliorer,1987,2018-12-12
A corriger de manière urgente,153,2018-12-12
Satisfaisant,20007,2018-12-12
Très satisfaisant,18279,2018-12-12
A améliorer,1988,2018-12-13
A corriger de manière urgente,158,2018-12-13
Satisfaisant,20011,2018-12-13
Très satisfaisant,18300,2018-12-13
A améliorer,1959,2018-12-14
A corriger de manière urgente,159,2018-12-14
Satisfaisant,20007,2018-12-14
Très satisfaisant,18258,2018-12-14
A améliorer,1979,2018-12-15
A corriger de manière urgente,161,2018-12-15
Satisfaisant,19994,2018-12-15
Très satisfaisant,18208,2018-12-15
A améliorer,1954,2018-12-16
A corriger de manière urgente,162,2018-12-16
Satisfaisant,19998,2018-12-16
Très satisfaisant,18258,2018-12-16
A améliorer,1954,2018-12-17
A corriger de manière urgente,160,2018-12-17
Satisfaisant,19985,2018-12-17
Très satisfaisant,18250,2018-12-17
A améliorer,1949,2018-12-18
A corriger de manière urgente,159,2018-12-18
Satisfaisant,20049,2018-12-18
Très satisfaisant,18296,2018-12-18
A améliorer,1955,2018-12-19
A corriger de manière urgente,160,2018-12-19
Satisfaisant,20021,2018-12-19
Très satisfaisant,18214,2018-12-19
A améliorer,1936,2018-12-21
A corriger de manière urgente,165,2018-12-21
Satisfaisant,20024,2018-12-21
Très satisfaisant,18241,2018-12-21
A améliorer,1949,2018-12-22
A corriger de manière urgente,167,2018-12-22
Satisfaisant,20049,2018-12-22
Très satisfaisant,18231,2018-12-22
A améliorer,1904,2018-12-23
A corriger de manière urgente,163,2018-12-23
Satisfaisant,20076,2018-12-23
Très satisfaisant,18288,2018-12-23
A améliorer,1904,2018-12-24
A corriger de manière urgente,163,2018-12-24
Satisfaisant,20072,2018-12-24
Très satisfaisant,18287,2018-12-24
A améliorer,1919,2018-12-25
A corriger de manière urgente,165,2018-12-25
Satisfaisant,20144,2018-12-25
Très satisfaisant,18304,2018-12-25
A améliorer,1941,2018-12-26
A corriger de manière urgente,166,2018-12-26
Satisfaisant,20201,2018-12-26
Très satisfaisant,18310,2018-12-26
A améliorer,1949,2018-12-27
A corriger de manière urgente,165,2018-12-27
Satisfaisant,20251,2018-12-27
Très satisfaisant,18355,2018-12-27
A améliorer,1962,2018-12-28
A corriger de manière urgente,165,2018-12-28
Satisfaisant,20304,2018-12-28
Très satisfaisant,18400,2018-12-28
A améliorer,1987,2018-12-29
A corriger de manière urgente,166,2018-12-29
Satisfaisant,20346,2018-12-29
Très satisfaisant,18411,2018-12-29
A améliorer,1969,2018-12-30
A corriger de manière urgente,166,2018-12-30
Satisfaisant,20376,2018-12-30
Très satisfaisant,18435,2018-12-30
A améliorer,1970,2018-12-31
A corriger de manière urgente,166,2018-12-31
Satisfaisant,20367,2018-12-31
Très satisfaisant,18431,2018-12-31
A améliorer,1987,2019-01-01
A corriger de manière urgente,167,2019-01-01
Satisfaisant,20475,2019-01-01
Très satisfaisant,18443,2019-01-01
A améliorer,2007,2019-01-02
A corriger de manière urgente,168,2019-01-02
Satisfaisant,20554,2019-01-02
Très satisfaisant,18445,2019-01-02
A améliorer,2019,2019-01-03
A corriger de manière urgente,170,2019-01-03
Satisfaisant,20630,2019-01-03
Très satisfaisant,18452,2019-01-03
A améliorer,2027,2019-01-04
A corriger de manière urgente,169,2019-01-04
Satisfaisant,20705,2019-01-04
Très satisfaisant,18480,2019-01-04
A améliorer,2044,2019-01-05
A corriger de manière urgente,171,2019-01-05
Satisfaisant,20747,2019-01-05
Très satisfaisant,18476,2019-01-05
A améliorer,2063,2019-01-06
A corriger de manière urgente,169,2019-01-06
Satisfaisant,20775,2019-01-06
Très satisfaisant,18493,2019-01-06
A améliorer,2062,2019-01-07
A corriger de manière urgente,169,2019-01-07
Satisfaisant,20769,2019-01-07
Très satisfaisant,18485,2019-01-07
A améliorer,2073,2019-01-08
A corriger de manière urgente,170,2019-01-08
Satisfaisant,20829,2019-01-08
Très satisfaisant,18538,2019-01-08
A améliorer,2070,2019-01-09
A corriger de manière urgente,172,2019-01-09
Satisfaisant,20855,2019-01-09
Très satisfaisant,18542,2019-01-09
A améliorer,2076,2019-01-10
A corriger de manière urgente,169,2019-01-10
Satisfaisant,20866,2019-01-10
Très satisfaisant,18566,2019-01-10
A améliorer,2108,2019-01-11
A corriger de manière urgente,170,2019-01-11
Satisfaisant,20894,2019-01-11
Très satisfaisant,18532,2019-01-11
A améliorer,2148,2019-01-12
A corriger de manière urgente,171,2019-01-12
Satisfaisant,20971,2019-01-12
Très satisfaisant,18558,2019-01-12
A améliorer,2128,2019-01-13
A corriger de manière urgente,172,2019-01-13
Satisfaisant,20999,2019-01-13
Très satisfaisant,18622,2019-01-13
A améliorer,2128,2019-01-14
A corriger de manière urgente,172,2019-01-14
Satisfaisant,20998,2019-01-14
Très satisfaisant,18619,2019-01-14
A améliorer,2107,2019-01-15
A corriger de manière urgente,172,2019-01-15
Satisfaisant,20990,2019-01-15
Très satisfaisant,18652,2019-01-15
A améliorer,2079,2019-01-16
A corriger de manière urgente,173,2019-01-16
Satisfaisant,20904,2019-01-16
Très satisfaisant,18632,2019-01-16
A améliorer,2071,2019-01-17
A corriger de manière urgente,173,2019-01-17
Satisfaisant,20883,2019-01-17
Très satisfaisant,18649,2019-01-17
A améliorer,2078,2019-01-18
A corriger de manière urgente,173,2019-01-18
Satisfaisant,20861,2019-01-18
Très satisfaisant,18587,2019-01-18
A améliorer,2098,2019-01-19
A corriger de manière urgente,176,2019-01-19
Satisfaisant,20863,2019-01-19
Très satisfaisant,18527,2019-01-19
A améliorer,2098,2019-01-20
A corriger de manière urgente,176,2019-01-20
Satisfaisant,20863,2019-01-20
Très satisfaisant,18526,2019-01-20
A améliorer,2099,2019-01-21
A corriger de manière urgente,176,2019-01-21
Satisfaisant,20863,2019-01-21
Très satisfaisant,18526,2019-01-21
A améliorer,2029,2019-01-22
A corriger de manière urgente,172,2019-01-22
Satisfaisant,20878,2019-01-22
Très satisfaisant,18687,2019-01-22
A améliorer,2005,2019-01-23
A corriger de manière urgente,167,2019-01-23
Satisfaisant,20815,2019-01-23
Très satisfaisant,18636,2019-01-23
A améliorer,1994,2019-01-24
A corriger de manière urgente,166,2019-01-24
Satisfaisant,20778,2019-01-24
Très satisfaisant,18632,2019-01-24
A améliorer,1988,2019-01-25
A corriger de manière urgente,165,2019-01-25
Satisfaisant,20735,2019-01-25
Très satisfaisant,18616,2019-01-25
A améliorer,1992,2019-01-26
A corriger de manière urgente,165,2019-01-26
Satisfaisant,20709,2019-01-26
Très satisfaisant,18565,2019-01-26
A améliorer,1963,2019-01-28
A corriger de manière urgente,165,2019-01-28
Satisfaisant,20714,2019-01-28
Très satisfaisant,18612,2019-01-28
A améliorer,1953,2019-01-29
A corriger de manière urgente,162,2019-01-29
Satisfaisant,20741,2019-01-29
Très satisfaisant,18643,2019-01-29
A améliorer,1954,2019-01-30
A corriger de manière urgente,162,2019-01-30
Satisfaisant,20702,2019-01-30
Très satisfaisant,18607,2019-01-30
A améliorer,1964,2019-01-31
A corriger de manière urgente,162,2019-01-31
Satisfaisant,20715,2019-01-31
Très satisfaisant,18546,2019-01-31
A améliorer,1935,2019-02-01
A corriger de manière urgente,161,2019-02-01
Satisfaisant,20701,2019-02-01
Très satisfaisant,18553,2019-02-01
A améliorer,1950,2019-02-02
A corriger de manière urgente,162,2019-02-02
Satisfaisant,20711,2019-02-02
Très satisfaisant,18469,2019-02-02
A améliorer,1934,2019-02-03
A corriger de manière urgente,163,2019-02-03
Satisfaisant,20724,2019-02-03
Très satisfaisant,18495,2019-02-03
A améliorer,1934,2019-02-04
A corriger de manière urgente,163,2019-02-04
Satisfaisant,20717,2019-02-04
Très satisfaisant,18491,2019-02-04
A améliorer,1941,2019-02-05
A corriger de manière urgente,161,2019-02-05
Satisfaisant,20765,2019-02-05
Très satisfaisant,18517,2019-02-05
A améliorer,1939,2019-02-06
A corriger de manière urgente,160,2019-02-06
Satisfaisant,20721,2019-02-06
Très satisfaisant,18478,2019-02-06
A améliorer,1940,2019-02-07
A corriger de manière urgente,159,2019-02-07
Satisfaisant,20769,2019-02-07
Très satisfaisant,18487,2019-02-07
A améliorer,1942,2019-02-08
A corriger de manière urgente,160,2019-02-08
Satisfaisant,20764,2019-02-08
Très satisfaisant,18455,2019-02-08
